run_number,root_file,tdaq_start_local,tdaq_end_local,tdaq_elapsed_s,tdaq_entries,scaler_branch,scaler_wraps,status,match_quality,timepix_measurement_range,timepix_count,timepix_start_local,timepix_end_local,overlap_measurement_range,overlap_count,nearest_only_count
1781199933,/Users/berare/BL4S/TDAQ_stateofArt/1781199933.root,2026-06-11T19:45:33+02:00,2026-06-11T19:45:33+02:00,0.000000,116787,Scaler0_ch15,0,ok,no_timepix_match,,0,,,,0,0
1781200098,/Users/berare/BL4S/TDAQ_stateofArt/1781200098.root,2026-06-11T19:48:18+02:00,2026-06-11T19:48:18+02:00,0.000000,102695,Scaler0_ch15,0,ok,no_timepix_match,,0,,,,0,0
1781200248,/Users/berare/BL4S/TDAQ_stateofArt/1781200248.root,2026-06-11T19:50:48+02:00,2026-06-11T19:50:48+02:00,0.000000,102451,Scaler0_ch15,0,ok,no_timepix_match,,0,,,,0,0
1781200414,/Users/berare/BL4S/TDAQ_stateofArt/1781200414.root,2026-06-11T19:53:34+02:00,2026-06-11T19:53:34+02:00,0.000000,122990,Scaler0_ch15,0,ok,no_timepix_match,,0,,,,0,0
1781200594,/Users/berare/BL4S/TDAQ_stateofArt/1781200594.root,2026-06-11T19:56:34+02:00,2026-06-11T19:56:34+02:00,0.000000,135776,Scaler0_ch15,0,ok,no_timepix_match,,0,,,,0,0
1781200773,/Users/berare/BL4S/TDAQ_stateofArt/1781200773.root,2026-06-11T19:59:33+02:00,2026-06-11T19:59:33+02:00,0.000000,128476,Scaler0_ch15,0,ok,no_timepix_match,,0,,,,0,0
1781253147,/Users/berare/BL4S/TDAQ_stateofArt/1781253147.root,2026-06-12T10:32:27+02:00,2026-06-12T10:32:27+02:00,0.000000,188810,Scaler0_ch15,0,ok,no_timepix_match,,0,,,,0,0
1781253396,/Users/berare/BL4S/TDAQ_stateofArt/1781253396.root,2026-06-12T10:36:36+02:00,2026-06-12T10:36:36+02:00,0.000000,159960,Scaler0_ch15,0,ok,no_timepix_match,,0,,,,0,0
1781253617,/Users/berare/BL4S/TDAQ_stateofArt/1781253617.root,2026-06-12T10:40:17+02:00,2026-06-12T10:40:17+02:00,0.000000,236599,Scaler0_ch15,0,ok,no_timepix_match,,0,,,,0,0
1781346892,/Users/berare/BL4S/TDAQ_stateofArt/1781346892.root,2026-06-13T12:34:52+02:00,2026-06-13T12:34:52+02:00,0.000000,45445,Scaler0_ch15,0,ok,no_timepix_match,,0,,,,0,0
1781353013,/Users/berare/BL4S/TDAQ_stateofArt/1781353013.root,2026-06-13T14:16:53+02:00,2026-06-13T14:16:56+02:00,3.490600,94888,Scaler0_ch15,0,ok,no_timepix_match,,0,,,,0,0
1781358094,/Users/berare/BL4S/TDAQ_stateofArt/1781358094.root,2026-06-13T15:41:34+02:00,2026-06-13T15:41:35+02:00,1.409310,22555,Scaler0_ch15,0,ok,no_timepix_match,,0,,,,0,0
1781367664,/Users/berare/BL4S/TDAQ_stateofArt/1781367664.root,2026-06-13T18:21:04+02:00,2026-06-13T18:21:04+02:00,0.563129,62939,Scaler0_ch15,0,ok,no_timepix_match,,0,,,,0,0
1781380111,/Users/berare/BL4S/TDAQ_stateofArt/1781380111.root,2026-06-13T21:48:31+02:00,2026-06-13T21:48:31+02:00,0.000000,0,Scaler0_ch15,0,empty_tree,no_timepix_match,,0,,,,0,0
1781380336,/Users/berare/BL4S/TDAQ_stateofArt/1781380336.root,2026-06-13T21:52:16+02:00,2026-06-13T21:52:16+02:00,0.413801,7394,Scaler0_ch15,0,ok,no_timepix_match,,0,,,,0,0
1781386542,/Users/berare/BL4S/TDAQ_stateofArt/1781386542.root,2026-06-13T23:35:42+02:00,2026-06-13T23:35:42+02:00,0.667281,30983,Scaler0_ch15,0,ok,no_timepix_match,,0,,,,0,0
1781387989,/Users/berare/BL4S/TDAQ_stateofArt/1781387989.root,2026-06-13T23:59:49+02:00,2026-06-13T23:59:51+02:00,2.620450,122350,Scaler0_ch15,0,ok,no_timepix_match,,0,,,,0,0
1781396029,/Users/berare/BL4S/TDAQ_stateofArt/1781396029.root,2026-06-14T02:13:49+02:00,2026-06-14T02:13:49+02:00,0.066550,4221,Scaler0_ch15,0,ok,no_timepix_match,,0,,,,0,0
1781443001,/Users/berare/BL4S/TDAQ_stateofArt/1781443001.root,2026-06-14T15:16:41+02:00,2026-06-14T15:16:42+02:00,1.022530,101957,Scaler0_ch15,0,ok,no_timepix_match,,0,,,,0,0
1781443142,/Users/berare/BL4S/TDAQ_stateofArt/1781443142.root,2026-06-14T15:19:02+02:00,2026-06-14T15:19:05+02:00,3.222090,154864,Scaler0_ch15,0,ok,no_timepix_match,,0,,,,0,0
1781443503,/Users/berare/BL4S/TDAQ_stateofArt/1781443503.root,2026-06-14T15:25:03+02:00,2026-06-14T15:25:04+02:00,1.228620,122569,Scaler0_ch15,0,ok,no_timepix_match,,0,,,,0,0
1781457832,/Users/berare/BL4S/TDAQ_stateofArt/1781457832.root,2026-06-14T19:23:52+02:00,2026-06-14T19:24:03+02:00,11.620400,28885,Scaler0_ch15,0,ok,no_timepix_match,,0,,,,0,0
1781459063,/Users/berare/BL4S/TDAQ_stateofArt/1781459063.root,2026-06-14T19:44:23+02:00,2026-06-14T19:44:28+02:00,5.789730,27973,Scaler0_ch15,0,ok,no_timepix_match,,0,,,,0,0
1781459734,/Users/berare/BL4S/TDAQ_stateofArt/1781459734.root,2026-06-14T19:55:34+02:00,2026-06-14T19:56:24+02:00,50.914600,235476,Scaler0_ch15,0,ok,no_timepix_match,,0,,,,0,0
1781465642,/Users/berare/BL4S/TDAQ_stateofArt/1781465642.root,2026-06-14T21:34:02+02:00,2026-06-14T21:34:14+02:00,12.570200,53502,Scaler0_ch15,0,ok,no_timepix_match,,0,,,,0,0
1781468134,/Users/berare/BL4S/TDAQ_stateofArt/1781468134.root,2026-06-14T22:15:34+02:00,2026-06-14T22:15:41+02:00,7.973740,20586,Scaler0_ch15,0,ok,no_timepix_match,,0,,,,0,0
1781469585,/Users/berare/BL4S/TDAQ_stateofArt/1781469585.root,2026-06-14T22:39:45+02:00,2026-06-14T22:39:53+02:00,8.318550,20091,Scaler0_ch15,0,ok,no_timepix_match,,0,,,,0,0
1781471803,/Users/berare/BL4S/TDAQ_stateofArt/1781471803.root,2026-06-14T23:16:43+02:00,2026-06-14T23:16:47+02:00,4.408970,28169,Scaler0_ch15,0,ok,no_timepix_match,,0,,,,0,0
1781472431,/Users/berare/BL4S/TDAQ_stateofArt/1781472431.root,2026-06-14T23:27:11+02:00,2026-06-14T23:27:22+02:00,11.475500,43467,Scaler0_ch15,0,ok,no_timepix_match,,0,,,,0,0
1781473672,/Users/berare/BL4S/TDAQ_stateofArt/1781473672.root,2026-06-14T23:47:52+02:00,2026-06-14T23:48:05+02:00,13.753000,36777,Scaler0_ch15,0,ok,no_timepix_match,,0,,,,0,0
1781476064,/Users/berare/BL4S/TDAQ_stateofArt/1781476064.root,2026-06-15T00:27:44+02:00,2026-06-15T00:27:47+02:00,3.661480,10004,Scaler0_ch15,0,ok,no_timepix_match,,0,,,,0,0
1781476504,/Users/berare/BL4S/TDAQ_stateofArt/1781476504.root,2026-06-15T00:35:04+02:00,2026-06-15T00:35:09+02:00,5.301560,14644,Scaler0_ch15,0,ok,no_timepix_match,,0,,,,0,0
1781477107,/Users/berare/BL4S/TDAQ_stateofArt/1781477107.root,2026-06-15T00:45:07+02:00,2026-06-15T00:45:15+02:00,8.545760,16242,Scaler0_ch15,0,ok,no_timepix_match,,0,,,,0,0
1781478034,/Users/berare/BL4S/TDAQ_stateofArt/1781478034.root,2026-06-15T01:00:34+02:00,2026-06-15T02:12:18+02:00,4304.180000,25067,Scaler0_ch15,1,ok,no_timepix_match,,0,,,,0,0
1781479535,/Users/berare/BL4S/TDAQ_stateofArt/1781479535.root,2026-06-15T01:25:35+02:00,2026-06-15T01:25:36+02:00,1.943090,12462,Scaler0_ch15,0,ok,no_timepix_match,,0,,,,0,0
1781479753,/Users/berare/BL4S/TDAQ_stateofArt/1781479753.root,2026-06-15T01:29:13+02:00,2026-06-15T01:29:16+02:00,3.220960,20633,Scaler0_ch15,0,ok,no_timepix_match,,0,,,,0,0
1781480140,/Users/berare/BL4S/TDAQ_stateofArt/1781480140.root,2026-06-15T01:35:40+02:00,2026-06-15T02:47:18+02:00,4298.640000,25625,Scaler0_ch15,1,ok,no_timepix_match,,0,,,,0,0
1781480565,/Users/berare/BL4S/TDAQ_stateofArt/1781480565.root,2026-06-15T01:42:45+02:00,2026-06-15T01:42:49+02:00,4.148500,20473,Scaler0_ch15,0,ok,no_timepix_match,,0,,,,0,0
1781481425,/Users/berare/BL4S/TDAQ_stateofArt/1781481425.root,2026-06-15T01:57:05+02:00,2026-06-15T01:57:05+02:00,0.443255,2897,Scaler0_ch15,0,ok,no_timepix_match,,0,,,,0,0
1781481516,/Users/berare/BL4S/TDAQ_stateofArt/1781481516.root,2026-06-15T01:58:36+02:00,2026-06-15T03:10:12+02:00,4296.520000,10956,Scaler0_ch15,1,ok,no_timepix_match,,0,,,,0,0
1781481724,/Users/berare/BL4S/TDAQ_stateofArt/1781481724.root,2026-06-15T02:02:04+02:00,2026-06-15T02:02:06+02:00,2.923510,20467,Scaler0_ch15,0,ok,no_timepix_match,,0,,,,0,0
1781482119,/Users/berare/BL4S/TDAQ_stateofArt/1781482119.root,2026-06-15T02:08:39+02:00,2026-06-15T02:08:42+02:00,3.298340,17548,Scaler0_ch15,0,ok,no_timepix_match,,0,,,,0,0
1781482526,/Users/berare/BL4S/TDAQ_stateofArt/1781482526.root,2026-06-15T02:15:26+02:00,2026-06-15T02:15:34+02:00,8.181490,51206,Scaler0_ch15,0,ok,no_timepix_match,,0,,,,0,0
1781518400,/Users/berare/BL4S/TDAQ_stateofArt/1781518400.root,2026-06-15T12:13:20+02:00,2026-06-15T13:25:37+02:00,4337.200000,147245,Scaler0_ch15,1,ok,no_timepix_match,,0,,,,0,0
1781522719,/Users/berare/BL4S/TDAQ_stateofArt/1781522719.root,2026-06-15T13:25:19+02:00,2026-06-15T13:25:20+02:00,1.854650,8611,Scaler0_ch15,0,ok,no_timepix_match,,0,,,,0,0
1781522965,/Users/berare/BL4S/TDAQ_stateofArt/1781522965.root,2026-06-15T13:29:25+02:00,2026-06-15T13:29:26+02:00,1.342680,6751,Scaler0_ch15,0,ok,no_timepix_match,,0,,,,0,0
1781523200,/Users/berare/BL4S/TDAQ_stateofArt/1781523200.root,2026-06-15T13:33:20+02:00,2026-06-15T13:33:26+02:00,6.984830,31383,Scaler0_ch15,0,ok,no_timepix_match,,0,,,,0,0
1781524123,/Users/berare/BL4S/TDAQ_stateofArt/1781524123.root,2026-06-15T13:48:43+02:00,2026-06-15T13:48:45+02:00,2.332780,16407,Scaler0_ch15,0,ok,no_timepix_match,,0,,,,0,0
1781524429,/Users/berare/BL4S/TDAQ_stateofArt/1781524429.root,2026-06-15T13:53:49+02:00,2026-06-15T13:53:51+02:00,2.859200,19936,Scaler0_ch15,0,ok,no_timepix_match,,0,,,,0,0
1781524884,/Users/berare/BL4S/TDAQ_stateofArt/1781524884.root,2026-06-15T14:01:24+02:00,2026-06-15T15:13:01+02:00,4297.370000,16619,Scaler0_ch15,1,ok,no_timepix_match,,0,,,,0,0
1781525253,/Users/berare/BL4S/TDAQ_stateofArt/1781525253.root,2026-06-15T14:07:33+02:00,2026-06-15T14:07:35+02:00,2.938280,15842,Scaler0_ch15,0,ok,no_timepix_match,,0,,,,0,0
1781526140,/Users/berare/BL4S/TDAQ_stateofArt/1781526140.root,2026-06-15T14:22:20+02:00,2026-06-15T14:22:23+02:00,3.115590,5041,Scaler0_ch15,0,ok,no_timepix_match,,0,,,,0,0
1781526539,/Users/berare/BL4S/TDAQ_stateofArt/1781526539.root,2026-06-15T14:28:59+02:00,2026-06-15T14:28:59+02:00,0.768273,1454,Scaler0_ch15,0,ok,no_timepix_match,,0,,,,0,0
1781526647,/Users/berare/BL4S/TDAQ_stateofArt/1781526647.root,2026-06-15T14:30:47+02:00,2026-06-15T14:30:58+02:00,11.747100,33699,Scaler0_ch15,0,ok,no_timepix_match,,0,,,,0,0
1781528050,/Users/berare/BL4S/TDAQ_stateofArt/1781528050.root,2026-06-15T14:54:10+02:00,2026-06-15T14:54:13+02:00,3.339690,14170,Scaler0_ch15,0,ok,no_timepix_match,,0,,,,0,0
1781528487,/Users/berare/BL4S/TDAQ_stateofArt/1781528487.root,2026-06-15T15:01:27+02:00,2026-06-15T15:01:31+02:00,4.423840,20286,Scaler0_ch15,0,ok,no_timepix_match,,0,,,,0,0
1781529232,/Users/berare/BL4S/TDAQ_stateofArt/1781529232.root,2026-06-15T15:13:52+02:00,2026-06-15T15:13:52+02:00,0.861668,3948,Scaler0_ch15,0,ok,no_timepix_match,,0,,,,0,0
1781529335,/Users/berare/BL4S/TDAQ_stateofArt/1781529335.root,2026-06-15T15:15:35+02:00,2026-06-15T15:15:36+02:00,1.562770,5804,Scaler0_ch15,0,ok,no_timepix_match,,0,,,,0,0
1781529497,/Users/berare/BL4S/TDAQ_stateofArt/1781529497.root,2026-06-15T15:18:17+02:00,2026-06-15T15:18:22+02:00,5.260340,14293,Scaler0_ch15,0,ok,no_timepix_match,,0,,,,0,0
1781530162,/Users/berare/BL4S/TDAQ_stateofArt/1781530162.root,2026-06-15T15:29:22+02:00,2026-06-15T15:29:30+02:00,8.980570,18416,Scaler0_ch15,0,ok,no_timepix_match,,0,,,,0,0
1781531244,/Users/berare/BL4S/TDAQ_stateofArt/1781531244.root,2026-06-15T15:47:24+02:00,2026-06-15T15:47:29+02:00,5.724650,15083,Scaler0_ch15,0,ok,no_timepix_match,,0,,,,0,0
1781531989,/Users/berare/BL4S/TDAQ_stateofArt/1781531989.root,2026-06-15T15:59:49+02:00,2026-06-15T15:59:52+02:00,3.030780,15666,Scaler0_ch15,0,ok,no_timepix_match,,0,,,,0,0
1781532345,/Users/berare/BL4S/TDAQ_stateofArt/1781532345.root,2026-06-15T16:05:45+02:00,2026-06-15T16:05:45+02:00,0.777881,5676,Scaler0_ch15,0,ok,no_timepix_match,,0,,,,0,0
1781532441,/Users/berare/BL4S/TDAQ_stateofArt/1781532441.root,2026-06-15T16:07:21+02:00,2026-06-15T16:07:23+02:00,2.864280,21304,Scaler0_ch15,0,ok,no_timepix_match,,0,,,,0,0
1781532795,/Users/berare/BL4S/TDAQ_stateofArt/1781532795.root,2026-06-15T16:13:15+02:00,2026-06-15T16:13:18+02:00,3.010110,20108,Scaler0_ch15,0,ok,no_timepix_match,,0,,,,0,0
1781533243,/Users/berare/BL4S/TDAQ_stateofArt/1781533243.root,2026-06-15T16:20:43+02:00,2026-06-15T16:20:44+02:00,1.447520,9507,Scaler0_ch15,0,ok,no_timepix_match,,0,,,,0,0
1781533426,/Users/berare/BL4S/TDAQ_stateofArt/1781533426.root,2026-06-15T16:23:46+02:00,2026-06-15T16:23:46+02:00,0.656942,5754,Scaler0_ch15,0,ok,no_timepix_match,,0,,,,0,0
1781533519,/Users/berare/BL4S/TDAQ_stateofArt/1781533519.root,2026-06-15T16:25:19+02:00,2026-06-15T16:25:19+02:00,0.268218,2756,Scaler0_ch15,0,ok,no_timepix_match,,0,,,,0,0
1781533611,/Users/berare/BL4S/TDAQ_stateofArt/1781533611.root,2026-06-15T16:26:51+02:00,2026-06-15T16:26:51+02:00,0.344614,2901,Scaler0_ch15,0,ok,no_timepix_match,,0,,,,0,0
1781533662,/Users/berare/BL4S/TDAQ_stateofArt/1781533662.root,2026-06-15T16:27:42+02:00,2026-06-15T16:27:42+02:00,0.415573,2903,Scaler0_ch15,0,ok,no_timepix_match,,0,,,,0,0
1781533725,/Users/berare/BL4S/TDAQ_stateofArt/1781533725.root,2026-06-15T16:28:45+02:00,2026-06-15T16:28:47+02:00,2.155220,14409,Scaler0_ch15,0,ok,no_timepix_match,,0,,,,0,0
1781534432,/Users/berare/BL4S/TDAQ_stateofArt/1781534432.root,2026-06-15T16:40:32+02:00,2026-06-15T16:40:36+02:00,4.250370,29167,Scaler0_ch15,0,ok,no_timepix_match,,0,,,,0,0
1781535038,/Users/berare/BL4S/TDAQ_stateofArt/1781535038.root,2026-06-15T16:50:38+02:00,2026-06-15T16:50:41+02:00,3.366690,21268,Scaler0_ch15,0,ok,no_timepix_match,,0,,,,0,0
1781535472,/Users/berare/BL4S/TDAQ_stateofArt/1781535472.root,2026-06-15T16:57:52+02:00,2026-06-15T16:57:56+02:00,4.703220,23744,Scaler0_ch15,0,ok,no_timepix_match,,0,,,,0,0
1781536316,/Users/berare/BL4S/TDAQ_stateofArt/1781536316.root,2026-06-15T17:11:56+02:00,2026-06-15T17:11:58+02:00,2.252710,15623,Scaler0_ch15,0,ok,no_timepix_match,,0,,,,0,0
1781536571,/Users/berare/BL4S/TDAQ_stateofArt/1781536571.root,2026-06-15T17:16:11+02:00,2026-06-15T17:16:11+02:00,0.281047,1911,Scaler0_ch15,0,ok,no_timepix_match,,0,,,,0,0
1781537628,/Users/berare/BL4S/TDAQ_stateofArt/1781537628.root,2026-06-15T17:33:48+02:00,2026-06-15T17:33:53+02:00,5.694960,11658,Scaler0_ch15,0,ok,no_timepix_match,,0,,,,0,0
1781538373,/Users/berare/BL4S/TDAQ_stateofArt/1781538373.root,2026-06-15T17:46:13+02:00,2026-06-15T17:46:13+02:00,0.531514,4594,Scaler0_ch15,0,ok,no_timepix_match,,0,,,,0,0
1781538472,/Users/berare/BL4S/TDAQ_stateofArt/1781538472.root,2026-06-15T17:47:52+02:00,2026-06-15T17:47:55+02:00,3.106950,15703,Scaler0_ch15,0,ok,no_timepix_match,,0,,,,0,0
1781538897,/Users/berare/BL4S/TDAQ_stateofArt/1781538897.root,2026-06-15T17:54:57+02:00,2026-06-15T17:55:00+02:00,3.609320,16948,Scaler0_ch15,0,ok,no_timepix_match,,0,,,,0,0
1781539375,/Users/berare/BL4S/TDAQ_stateofArt/1781539375.root,2026-06-15T18:02:55+02:00,2026-06-15T19:14:35+02:00,4300.920000,22199,Scaler0_ch15,1,ok,no_timepix_match,,0,,,,0,0
1781540226,/Users/berare/BL4S/TDAQ_stateofArt/1781540226.root,2026-06-15T18:17:06+02:00,2026-06-15T19:28:41+02:00,4295.980000,5908,Scaler0_ch15,1,ok,no_timepix_match,,0,,,,0,0
1781540343,/Users/berare/BL4S/TDAQ_stateofArt/1781540343.root,2026-06-15T18:19:03+02:00,2026-06-15T18:19:03+02:00,0.635289,3921,Scaler0_ch15,0,ok,no_timepix_match,,0,,,,0,0
1781540456,/Users/berare/BL4S/TDAQ_stateofArt/1781540456.root,2026-06-15T18:20:56+02:00,2026-06-15T18:20:57+02:00,1.660640,10668,Scaler0_ch15,0,ok,no_timepix_match,,0,,,,0,0
1781540655,/Users/berare/BL4S/TDAQ_stateofArt/1781540655.root,2026-06-15T18:24:15+02:00,2026-06-15T18:24:17+02:00,2.747980,21625,Scaler0_ch15,0,ok,no_timepix_match,,0,,,,0,0
1781541020,/Users/berare/BL4S/TDAQ_stateofArt/1781541020.root,2026-06-15T18:30:20+02:00,2026-06-15T18:30:22+02:00,2.981260,17030,Scaler0_ch15,0,ok,no_timepix_match,,0,,,,0,0
1781541412,/Users/berare/BL4S/TDAQ_stateofArt/1781541412.root,2026-06-15T18:36:52+02:00,2026-06-15T18:36:56+02:00,4.535470,20009,Scaler0_ch15,0,ok,no_timepix_match,,0,,,,0,0
1781542154,/Users/berare/BL4S/TDAQ_stateofArt/1781542154.root,2026-06-15T18:49:14+02:00,2026-06-15T18:49:14+02:00,0.719549,4955,Scaler0_ch15,0,ok,no_timepix_match,,0,,,,0,0
1781542269,/Users/berare/BL4S/TDAQ_stateofArt/1781542269.root,2026-06-15T18:51:09+02:00,2026-06-15T20:02:47+02:00,4298.130000,19853,Scaler0_ch15,1,ok,no_timepix_match,,0,,,,0,0
1781542636,/Users/berare/BL4S/TDAQ_stateofArt/1781542636.root,2026-06-15T18:57:16+02:00,2026-06-15T18:57:20+02:00,4.971750,30640,Scaler0_ch15,0,ok,no_timepix_match,,0,,,,0,0
1781543196,/Users/berare/BL4S/TDAQ_stateofArt/1781543196.root,2026-06-15T19:06:36+02:00,2026-06-15T19:06:36+02:00,0.670182,4989,Scaler0_ch15,0,ok,no_timepix_match,,0,,,,0,0
1781543306,/Users/berare/BL4S/TDAQ_stateofArt/1781543306.root,2026-06-15T19:08:26+02:00,2026-06-15T19:08:28+02:00,2.447440,14857,Scaler0_ch15,0,ok,no_timepix_match,,0,,,,0,0
1781543588,/Users/berare/BL4S/TDAQ_stateofArt/1781543588.root,2026-06-15T19:13:08+02:00,2026-06-15T19:13:11+02:00,3.373020,20852,Scaler0_ch15,0,ok,no_timepix_match,,0,,,,0,0
1781544022,/Users/berare/BL4S/TDAQ_stateofArt/1781544022.root,2026-06-15T19:20:22+02:00,2026-06-15T19:20:30+02:00,8.676180,48797,Scaler0_ch15,0,ok,no_timepix_match,,0,,,,0,0
1781545085,/Users/berare/BL4S/TDAQ_stateofArt/1781545085.root,2026-06-15T19:38:05+02:00,2026-06-15T19:38:12+02:00,7.836590,35207,Scaler0_ch15,0,ok,no_timepix_match,,0,,,,0,0
1781547082,/Users/berare/BL4S/TDAQ_stateofArt/1781547082.root,2026-06-15T20:11:22+02:00,2026-06-15T20:11:23+02:00,1.981060,11658,Scaler0_ch15,0,ok,no_timepix_match,,0,,,,0,0
1781547327,/Users/berare/BL4S/TDAQ_stateofArt/1781547327.root,2026-06-15T20:15:27+02:00,2026-06-15T20:15:27+02:00,0.975521,6861,Scaler0_ch15,0,ok,no_timepix_match,,0,,,,0,0
1781547455,/Users/berare/BL4S/TDAQ_stateofArt/1781547455.root,2026-06-15T20:17:35+02:00,2026-06-15T20:17:40+02:00,5.016460,30426,Scaler0_ch15,0,ok,no_timepix_match,,0,,,,0,0
1781548046,/Users/berare/BL4S/TDAQ_stateofArt/1781548046.root,2026-06-15T20:27:26+02:00,2026-06-15T20:27:31+02:00,5.869430,31422,Scaler0_ch15,0,ok,no_timepix_match,,0,,,,0,0
1781548839,/Users/berare/BL4S/TDAQ_stateofArt/1781548839.root,2026-06-15T20:40:39+02:00,2026-06-15T20:40:44+02:00,5.124780,8715,Scaler0_ch15,0,ok,no_timepix_match,,0,,,,0,0
1781549508,/Users/berare/BL4S/TDAQ_stateofArt/1781549508.root,2026-06-15T20:51:48+02:00,2026-06-15T20:51:52+02:00,4.603950,18271,Scaler0_ch15,0,ok,no_timepix_match,,0,,,,0,0
1781550226,/Users/berare/BL4S/TDAQ_stateofArt/1781550226.root,2026-06-15T21:03:46+02:00,2026-06-15T21:03:46+02:00,0.482647,3933,Scaler0_ch15,0,ok,no_timepix_match,,0,,,,0,0
1781550283,/Users/berare/BL4S/TDAQ_stateofArt/1781550283.root,2026-06-15T21:04:43+02:00,2026-06-15T21:04:43+02:00,0.636973,4844,Scaler0_ch15,0,ok,no_timepix_match,,0,,,,0,0
1781550418,/Users/berare/BL4S/TDAQ_stateofArt/1781550418.root,2026-06-15T21:06:58+02:00,2026-06-15T21:06:59+02:00,1.893680,15556,Scaler0_ch15,0,ok,no_timepix_match,,0,,,,0,0
1781550705,/Users/berare/BL4S/TDAQ_stateofArt/1781550705.root,2026-06-15T21:11:45+02:00,2026-06-15T21:11:46+02:00,1.617030,3871,Scaler0_ch15,0,ok,no_timepix_match,,0,,,,0,0
1781550910,/Users/berare/BL4S/TDAQ_stateofArt/1781550910.root,2026-06-15T21:15:10+02:00,2026-06-15T21:15:11+02:00,1.350640,2866,Scaler0_ch15,0,ok,no_timepix_match,,0,,,,0,0
1781551079,/Users/berare/BL4S/TDAQ_stateofArt/1781551079.root,2026-06-15T21:17:59+02:00,2026-06-15T21:17:59+02:00,0.000000,0,,0,open_failed,no_timepix_match,,0,,,,0,0
1781553790,/Users/berare/BL4S/TDAQ_stateofArt/1781553790.root,2026-06-15T22:03:10+02:00,2026-06-15T22:03:15+02:00,5.692630,40155,Scaler0_ch15,0,ok,no_timepix_match,,0,,,,0,0
1781554433,/Users/berare/BL4S/TDAQ_stateofArt/1781554433.root,2026-06-15T22:13:53+02:00,2026-06-15T22:13:55+02:00,2.261140,15858,Scaler0_ch15,0,ok,no_timepix_match,,0,,,,0,0
1781554784,/Users/berare/BL4S/TDAQ_stateofArt/1781554784.root,2026-06-15T22:19:44+02:00,2026-06-15T22:19:50+02:00,6.628470,17747,Scaler0_ch15,0,ok,no_timepix_match,,0,,,,0,0
1781555836,/Users/berare/BL4S/TDAQ_stateofArt/1781555836.root,2026-06-15T22:37:16+02:00,2026-06-15T22:37:16+02:00,0.759607,5760,Scaler0_ch15,0,ok,no_timepix_match,,0,,,,0,0
1781557615,/Users/berare/BL4S/TDAQ_stateofArt/1781557615.root,2026-06-15T23:06:55+02:00,2026-06-15T23:07:08+02:00,13.438700,10554,Scaler0_ch15,0,ok,no_timepix_match,,0,,,,0,0
1781561330,/Users/berare/BL4S/TDAQ_stateofArt/1781561330.root,2026-06-16T00:08:50+02:00,2026-06-16T00:08:54+02:00,4.762630,26242,Scaler0_ch15,0,ok,no_timepix_match,,0,,,,0,0
1781561931,/Users/berare/BL4S/TDAQ_stateofArt/1781561931.root,2026-06-16T00:18:51+02:00,2026-06-16T00:18:54+02:00,3.642680,20193,Scaler0_ch15,0,ok,no_timepix_match,,0,,,,0,0
1781562398,/Users/berare/BL4S/TDAQ_stateofArt/1781562398.root,2026-06-16T00:26:38+02:00,2026-06-16T01:38:18+02:00,4300.130000,22036,Scaler0_ch15,1,ok,no_timepix_match,,0,,,,0,0
1781563181,/Users/berare/BL4S/TDAQ_stateofArt/1781563181.root,2026-06-16T00:39:41+02:00,2026-06-16T00:39:41+02:00,0.653175,4787,Scaler0_ch15,0,ok,no_timepix_match,,0,,,,0,0
1781563676,/Users/berare/BL4S/TDAQ_stateofArt/1781563676.root,2026-06-16T00:47:56+02:00,2026-06-16T00:48:01+02:00,5.701260,24450,Scaler0_ch15,0,ok,no_timepix_match,,0,,,,0,0
1781564318,/Users/berare/BL4S/TDAQ_stateofArt/1781564318.root,2026-06-16T00:58:38+02:00,2026-06-16T00:58:41+02:00,3.058030,20817,Scaler0_ch15,0,ok,no_timepix_match,,0,,,,0,0
1781564667,/Users/berare/BL4S/TDAQ_stateofArt/1781564667.root,2026-06-16T01:04:27+02:00,2026-06-16T01:04:40+02:00,13.842500,40296,Scaler0_ch15,0,ok,no_timepix_match,,0,,,,0,0
1781566618,/Users/berare/BL4S/TDAQ_stateofArt/1781566618.root,2026-06-16T01:36:58+02:00,2026-06-16T01:37:04+02:00,6.719610,15844,Scaler0_ch15,0,ok,no_timepix_match,,0,,,,0,0
1781567426,/Users/berare/BL4S/TDAQ_stateofArt/1781567426.root,2026-06-16T01:50:26+02:00,2026-06-16T01:50:30+02:00,4.573760,15883,Scaler0_ch15,0,ok,no_timepix_match,,0,,,,0,0
1781567963,/Users/berare/BL4S/TDAQ_stateofArt/1781567963.root,2026-06-16T01:59:23+02:00,2026-06-16T01:59:27+02:00,4.380000,25864,Scaler0_ch15,0,ok,no_timepix_match,,0,,,,0,0
1781568763,/Users/berare/BL4S/TDAQ_stateofArt/1781568763.root,2026-06-16T02:12:43+02:00,2026-06-16T02:12:48+02:00,5.017290,21334,Scaler0_ch15,0,ok,no_timepix_match,,0,,,,0,0
1781575162,/Users/berare/BL4S/TDAQ_stateofArt/1781575162.root,2026-06-16T03:59:22+02:00,2026-06-16T03:59:29+02:00,7.714360,3555,Scaler0_ch15,0,ok,no_timepix_match,,0,,,,0,0
1781576899,/Users/berare/BL4S/TDAQ_stateofArt/1781576899.root,2026-06-16T04:28:19+02:00,2026-06-16T05:44:26+02:00,4567.900000,568866,Scaler0_ch15,1,ok,no_timepix_match,,0,,,,0,0
1781605415,/Users/berare/BL4S/TDAQ_stateofArt/1781605415.root,2026-06-16T12:23:35+02:00,2026-06-16T12:23:37+02:00,2.603930,4645,Scaler0_ch15,0,ok,no_timepix_match,,0,,,,0,0
1781605982,/Users/berare/BL4S/TDAQ_stateofArt/1781605982.root,2026-06-16T12:33:02+02:00,2026-06-16T12:33:05+02:00,3.847080,6724,Scaler0_ch15,0,ok,no_timepix_match,,0,,,,0,0
1781606539,/Users/berare/BL4S/TDAQ_stateofArt/1781606539.root,2026-06-16T12:42:19+02:00,2026-06-16T12:42:22+02:00,3.322590,2922,Scaler0_ch15,0,ok,no_timepix_match,,0,,,,0,0
1781607033,/Users/berare/BL4S/TDAQ_stateofArt/1781607033.root,2026-06-16T12:50:33+02:00,2026-06-16T12:51:05+02:00,32.331600,44570,Scaler0_ch15,0,ok,no_timepix_match,,0,,,,0,0
1781610762,/Users/berare/BL4S/TDAQ_stateofArt/1781610762.root,2026-06-16T13:52:42+02:00,2026-06-16T13:53:15+02:00,33.399000,43069,Scaler0_ch15,0,ok,no_timepix_match,,0,,,,0,0
1781618139,/Users/berare/BL4S/TDAQ_stateofArt/1781618139.root,2026-06-16T15:55:39+02:00,2026-06-16T15:55:39+02:00,0.000000,0,Scaler0_ch15,0,empty_tree,no_timepix_match,,0,,,,0,0
1781618363,/Users/berare/BL4S/TDAQ_stateofArt/1781618363.root,2026-06-16T15:59:23+02:00,2026-06-16T15:59:24+02:00,1.611480,2238,Scaler0_ch15,0,ok,no_timepix_match,,0,,,,0,0
1781618594,/Users/berare/BL4S/TDAQ_stateofArt/1781618594.root,2026-06-16T16:03:14+02:00,2026-06-16T16:03:14+02:00,0.638352,1123,Scaler0_ch15,0,ok,no_timepix_match,,0,,,,0,0
1781620506,/Users/berare/BL4S/TDAQ_stateofArt/1781620506.root,2026-06-16T16:35:06+02:00,2026-06-16T16:37:40+02:00,154.087000,423626,Scaler0_ch15,0,ok,no_timepix_match,,0,,,,0,0
1781637029,/Users/berare/BL4S/TDAQ_stateofArt/1781637029.root,2026-06-16T21:10:29+02:00,2026-06-16T21:11:16+02:00,47.689700,70728,Scaler0_ch15,0,ok,no_timepix_match,,0,,,,0,0
1781642408,/Users/berare/BL4S/TDAQ_stateofArt/1781642408.root,2026-06-16T22:40:08+02:00,2026-06-17T01:04:38+02:00,8670.710000,310924,Scaler0_ch15,2,ok,no_timepix_match,,0,,,,0,0
1781651675,/Users/berare/BL4S/TDAQ_stateofArt/1781651675.root,2026-06-17T01:14:35+02:00,2026-06-17T01:14:54+02:00,19.210500,31520,Scaler0_ch15,0,ok,no_timepix_match,,0,,,,0,0
1781654847,/Users/berare/BL4S/TDAQ_stateofArt/1781654847.root,2026-06-17T02:07:27+02:00,2026-06-17T02:07:33+02:00,6.012450,44850,Scaler0_ch15,0,ok,no_timepix_match,,0,,,,0,0
1781659157,/Users/berare/BL4S/TDAQ_stateofArt/1781659157.root,2026-06-17T03:19:17+02:00,2026-06-17T03:19:20+02:00,3.697960,23598,Scaler0_ch15,0,ok,no_timepix_match,,0,,,,0,0
1781659739,/Users/berare/BL4S/TDAQ_stateofArt/1781659739.root,2026-06-17T03:28:59+02:00,2026-06-17T03:28:59+02:00,0.000000,0,Scaler0_ch15,0,empty_tree,no_timepix_match,,0,,,,0,0
1781661387,/Users/berare/BL4S/TDAQ_stateofArt/1781661387.root,2026-06-17T03:56:27+02:00,2026-06-17T03:59:14+02:00,167.390000,469145,Scaler0_ch15,0,ok,no_timepix_match,,0,,,,0,0
1786650362,/Users/berare/BL4S/TDAQ_stateofArt/1786650362.root,2026-08-13T21:46:02+02:00,2026-08-13T22:01:36+02:00,934.760000,47341,Scaler0_ch15,0,ok,no_timepix_match,,0,,,,0,0
1786657998,/Users/berare/BL4S/TDAQ_stateofArt/1786657998.root,2026-08-13T23:53:18+02:00,2026-08-14T00:18:19+02:00,1501.230000,63343,Scaler0_ch15,0,ok,no_timepix_match,,0,,,,0,0
1786660465,/Users/berare/BL4S/TDAQ_stateofArt/1786660465.root,2026-08-14T00:34:25+02:00,2026-08-14T00:39:30+02:00,305.232000,14674,Scaler0_ch15,0,ok,no_timepix_match,,0,,,,0,0
1786660965,/Users/berare/BL4S/TDAQ_stateofArt/1786660965.root,2026-08-14T00:42:45+02:00,2026-08-14T03:25:43+02:00,9778.050000,74323,Scaler0_ch15,2,ok,no_timepix_match,,0,,,,0,0
1786662364,/Users/berare/BL4S/TDAQ_stateofArt/1786662364.root,2026-08-14T01:06:04+02:00,2026-08-15T17:41:50+02:00,146146.000000,1866579,Scaler0_ch15,34,ok,no_timepix_match,,0,,,,0,0
1786706307,/Users/berare/BL4S/TDAQ_stateofArt/1786706307.root,2026-08-14T13:18:27+02:00,2026-08-14T14:39:43+02:00,4876.830000,16831,Scaler0_ch15,1,ok,no_timepix_match,,0,,,,0,0
1786708920,/Users/berare/BL4S/TDAQ_stateofArt/1786708920.root,2026-08-14T14:02:00+02:00,2026-08-14T14:33:09+02:00,1869.420000,55074,Scaler0_ch15,0,ok,no_timepix_match,,0,,,,0,0
1786711050,/Users/berare/BL4S/TDAQ_stateofArt/1786711050.root,2026-08-14T14:37:30+02:00,2026-08-14T15:51:44+02:00,4454.090000,5052,Scaler0_ch15,1,ok,no_timepix_match,,0,,,,0,0
1786711486,/Users/berare/BL4S/TDAQ_stateofArt/1786711486.root,2026-08-14T14:44:46+02:00,2026-08-14T14:48:09+02:00,203.149000,6890,Scaler0_ch15,0,ok,no_timepix_match,,0,,,,0,0
1786711761,/Users/berare/BL4S/TDAQ_stateofArt/1786711761.root,2026-08-14T14:49:21+02:00,2026-08-14T17:31:42+02:00,9741.040000,51008,Scaler0_ch15,2,ok,no_timepix_match,,0,,,,0,0
1786713224,/Users/berare/BL4S/TDAQ_stateofArt/1786713224.root,2026-08-14T15:13:44+02:00,2026-08-14T16:43:13+02:00,5369.380000,51913,Scaler0_ch15,1,ok,no_timepix_match,,0,,,,0,0
1786714515,/Users/berare/BL4S/TDAQ_stateofArt/1786714515.root,2026-08-14T15:35:15+02:00,2026-08-14T17:08:14+02:00,5579.040000,54535,Scaler0_ch15,1,ok,no_timepix_match,,0,,,,0,0
1786715981,/Users/berare/BL4S/TDAQ_stateofArt/1786715981.root,2026-08-14T15:59:41+02:00,2026-08-14T16:12:05+02:00,744.260000,23322,Scaler0_ch15,0,ok,no_timepix_match,,0,,,,0,0
1786718055,/Users/berare/BL4S/TDAQ_stateofArt/1786718055.root,2026-08-14T16:34:15+02:00,2026-08-14T17:01:32+02:00,1637.930000,1,Scaler0_ch15,0,ok,no_timepix_match,,0,,,,0,0
1786719788,/Users/berare/BL4S/TDAQ_stateofArt/1786719788.root,2026-08-14T17:03:08+02:00,2026-08-14T17:05:40+02:00,152.235000,6710,Scaler0_ch15,0,ok,no_timepix_match,,0,,,,0,0
1786723178,/Users/berare/BL4S/TDAQ_stateofArt/1786723178.root,2026-08-14T17:59:38+02:00,2026-08-14T18:22:15+02:00,1357.270000,46714,Scaler0_ch15,0,ok,no_timepix_match,,0,,,,0,0
1786724681,/Users/berare/BL4S/TDAQ_stateofArt/1786724681.root,2026-08-14T18:24:41+02:00,2026-08-14T18:36:12+02:00,691.812000,49674,Scaler0_ch15,0,ok,no_timepix_match,,0,,,,0,0
1786725412,/Users/berare/BL4S/TDAQ_stateofArt/1786725412.root,2026-08-14T18:36:52+02:00,2026-08-14T19:58:47+02:00,4915.220000,47546,Scaler0_ch15,1,ok,no_timepix_match,,0,,,,0,0
1786726168,/Users/berare/BL4S/TDAQ_stateofArt/1786726168.root,2026-08-14T18:49:28+02:00,2026-08-15T09:19:06+02:00,52178.000000,621391,Scaler0_ch15,12,ok,no_timepix_match,,0,,,,0,0
1786739830,/Users/berare/BL4S/TDAQ_stateofArt/1786739830.root,2026-08-14T22:37:10+02:00,2026-08-15T02:45:32+02:00,14902.600000,92689,Scaler0_ch15,3,ok,no_timepix_match,,0,,,,0,0
1786741940,/Users/berare/BL4S/TDAQ_stateofArt/1786741940.root,2026-08-14T23:12:20+02:00,2026-08-15T00:40:11+02:00,5271.740000,51918,Scaler0_ch15,1,ok,no_timepix_match,,0,,,,0,0
1786743090,/Users/berare/BL4S/TDAQ_stateofArt/1786743090.root,2026-08-14T23:31:30+02:00,2026-08-14T23:45:19+02:00,829.359000,50587,Scaler0_ch15,0,ok,no_timepix_match,,0,,,,0,0
1786744038,/Users/berare/BL4S/TDAQ_stateofArt/1786744038.root,2026-08-14T23:47:18+02:00,2026-08-14T23:58:14+02:00,656.650000,50373,Scaler0_ch15,0,ok,no_timepix_match,,0,,,,0,0
1786744833,/Users/berare/BL4S/TDAQ_stateofArt/1786744833.root,2026-08-15T00:00:33+02:00,2026-08-15T01:24:15+02:00,5022.930000,57401,Scaler0_ch15,1,ok,no_timepix_match,,0,,,,0,0
1786745756,/Users/berare/BL4S/TDAQ_stateofArt/1786745756.root,2026-08-15T00:15:56+02:00,2026-08-15T01:38:19+02:00,4943.700000,52065,Scaler0_ch15,1,ok,no_timepix_match,,0,,,,0,0
1786746501,/Users/berare/BL4S/TDAQ_stateofArt/1786746501.root,2026-08-15T00:28:21+02:00,2026-08-15T00:39:40+02:00,679.492000,50280,Scaler0_ch15,0,ok,no_timepix_match,,0,,,,0,0
1786747305,/Users/berare/BL4S/TDAQ_stateofArt/1786747305.root,2026-08-15T00:41:45+02:00,2026-08-15T00:56:46+02:00,901.624000,54196,Scaler0_ch15,0,ok,no_timepix_match,,0,,,,0,0
1786748346,/Users/berare/BL4S/TDAQ_stateofArt/1786748346.root,2026-08-15T00:59:06+02:00,2026-08-15T01:13:06+02:00,840.356000,49937,Scaler0_ch15,0,ok,no_timepix_match,,0,,,,0,0
1786749753,/Users/berare/BL4S/TDAQ_stateofArt/1786749753.root,2026-08-15T01:22:33+02:00,2026-08-15T01:28:18+02:00,345.530000,6960,Scaler0_ch15,0,ok,no_timepix_match,,0,,,,0,0
1786750147,/Users/berare/BL4S/TDAQ_stateofArt/1786750147.root,2026-08-15T01:29:07+02:00,2026-08-15T02:51:40+02:00,4953.500000,50381,Scaler0_ch15,1,ok,no_timepix_match,,0,,,,0,0
1786750887,/Users/berare/BL4S/TDAQ_stateofArt/1786750887.root,2026-08-15T01:41:27+02:00,2026-08-16T17:47:29+02:00,144362.000000,2095200,Scaler0_ch15,33,ok,no_timepix_match,,0,,,,0,0
1786779710,/Users/berare/BL4S/TDAQ_stateofArt/1786779710.root,2026-08-15T09:41:50+02:00,2026-08-15T11:05:42+02:00,5032.930000,57950,Scaler0_ch15,1,ok,no_timepix_match,,0,,,,0,0
1786780617,/Users/berare/BL4S/TDAQ_stateofArt/1786780617.root,2026-08-15T09:56:57+02:00,2026-08-15T10:08:56+02:00,719.693000,54909,Scaler0_ch15,0,ok,no_timepix_match,,0,,,,0,0
1786781408,/Users/berare/BL4S/TDAQ_stateofArt/1786781408.root,2026-08-15T10:10:08+02:00,2026-08-15T10:25:40+02:00,932.412000,55253,Scaler0_ch15,0,ok,no_timepix_match,,0,,,,0,0
1786782465,/Users/berare/BL4S/TDAQ_stateofArt/1786782465.root,2026-08-15T10:27:45+02:00,2026-08-15T10:42:00+02:00,855.369000,50390,Scaler0_ch15,0,ok,no_timepix_match,,0,,,,0,0
1786787514,/Users/berare/BL4S/TDAQ_stateofArt/1786787514.root,2026-08-15T11:51:54+02:00,2026-08-15T12:06:00+02:00,846.677000,52627,Scaler0_ch15,0,ok,no_timepix_match,,0,,,,0,0
1786788903,/Users/berare/BL4S/TDAQ_stateofArt/1786788903.root,2026-08-15T12:15:03+02:00,2026-08-15T13:46:51+02:00,5508.460000,75301,Scaler0_ch15,1,ok,no_timepix_match,,0,,,,0,0
1786790499,/Users/berare/BL4S/TDAQ_stateofArt/1786790499.root,2026-08-15T12:41:39+02:00,2026-08-15T13:03:26+02:00,1307.950000,68453,Scaler0_ch15,0,ok,no_timepix_match,,0,,,,0,0
1786791937,/Users/berare/BL4S/TDAQ_stateofArt/1786791937.root,2026-08-15T13:05:37+02:00,2026-08-15T15:49:39+02:00,9842.310000,56256,Scaler0_ch15,2,ok,no_timepix_match,,0,,,,0,0
1786793439,/Users/berare/BL4S/TDAQ_stateofArt/1786793439.root,2026-08-15T13:30:39+02:00,2026-08-15T13:49:38+02:00,1139.930000,51744,Scaler0_ch15,0,ok,no_timepix_match,,0,,,,0,0
1786794828,/Users/berare/BL4S/TDAQ_stateofArt/1786794828.root,2026-08-15T13:53:48+02:00,2026-08-15T14:12:26+02:00,1118.920000,53044,Scaler0_ch15,0,ok,no_timepix_match,,0,,,,0,0
1786796090,/Users/berare/BL4S/TDAQ_stateofArt/1786796090.root,2026-08-15T14:14:50+02:00,2026-08-15T15:40:21+02:00,5131.790000,51109,Scaler0_ch15,1,ok,no_timepix_match,,0,,,,0,0
1786797061,/Users/berare/BL4S/TDAQ_stateofArt/1786797061.root,2026-08-15T14:31:01+02:00,2026-08-15T14:44:44+02:00,823.502000,52630,Scaler0_ch15,0,ok,no_timepix_match,,0,,,,0,0
1786798201,/Users/berare/BL4S/TDAQ_stateofArt/1786798201.root,2026-08-15T14:50:01+02:00,2026-08-15T15:02:58+02:00,777.982000,51149,Scaler0_ch15,0,ok,no_timepix_match,,0,,,,0,0
1786799056,/Users/berare/BL4S/TDAQ_stateofArt/1786799056.root,2026-08-15T15:04:16+02:00,2026-08-15T17:41:21+02:00,9425.590000,50791,Scaler0_ch15,2,ok,no_timepix_match,,0,,,,0,0
1786800039,/Users/berare/BL4S/TDAQ_stateofArt/1786800039.root,2026-08-15T15:20:39+02:00,2026-08-15T18:01:29+02:00,9650.570000,50335,Scaler0_ch15,2,ok,no_timepix_match,,0,,,,0,0
1786801341,/Users/berare/BL4S/TDAQ_stateofArt/1786801341.root,2026-08-15T15:42:21+02:00,2026-08-15T17:13:04+02:00,5443.960000,54129,Scaler0_ch15,1,ok,no_timepix_match,,0,,,,0,0
1786802590,/Users/berare/BL4S/TDAQ_stateofArt/1786802590.root,2026-08-15T16:03:10+02:00,2026-08-15T16:17:05+02:00,835.055000,50889,Scaler0_ch15,0,ok,no_timepix_match,,0,,,,0,0
1786803907,/Users/berare/BL4S/TDAQ_stateofArt/1786803907.root,2026-08-15T16:25:07+02:00,2026-08-15T16:38:44+02:00,817.909000,50661,Scaler0_ch15,0,ok,no_timepix_match,,0,,,,0,0
1786805198,/Users/berare/BL4S/TDAQ_stateofArt/1786805198.root,2026-08-15T16:46:38+02:00,2026-08-15T17:00:24+02:00,826.344000,52349,Scaler0_ch15,0,ok,no_timepix_match,,0,,,,0,0
1786806354,/Users/berare/BL4S/TDAQ_stateofArt/1786806354.root,2026-08-15T17:05:54+02:00,2026-08-15T18:34:37+02:00,5323.540000,51081,Scaler0_ch15,1,ok,no_timepix_match,,0,,,,0,0
1786807867,/Users/berare/BL4S/TDAQ_stateofArt/1786807867.root,2026-08-15T17:31:07+02:00,2026-08-15T17:52:01+02:00,1254.300000,58556,Scaler0_ch15,0,ok,no_timepix_match,,0,,,,0,0
1786812596,/Users/berare/BL4S/TDAQ_stateofArt/1786812596.root,2026-08-15T18:49:56+02:00,2026-08-15T20:58:28+02:00,7712.120000,120353,Scaler0_ch15,1,ok,no_timepix_match,,0,,,,0,0
1786816092,/Users/berare/BL4S/TDAQ_stateofArt/1786816092.root,2026-08-15T19:48:12+02:00,2026-08-15T19:48:19+02:00,7.390320,1220,Scaler0_ch15,0,ok,no_timepix_match,,0,,,,0,0
1786816362,/Users/berare/BL4S/TDAQ_stateofArt/1786816362.root,2026-08-15T19:52:42+02:00,2026-08-15T22:06:37+02:00,8035.930000,136343,Scaler0_ch15,1,ok,no_timepix_match,,0,,,,0,0
1786820108,/Users/berare/BL4S/TDAQ_stateofArt/1786820108.root,2026-08-15T20:55:08+02:00,2026-08-15T23:25:14+02:00,9006.120000,31288,Scaler0_ch15,2,ok,no_timepix_match,,0,,,,0,0
1786820649,/Users/berare/BL4S/TDAQ_stateofArt/1786820649.root,2026-08-15T21:04:09+02:00,2026-08-15T23:34:32+02:00,9023.490000,36308,Scaler0_ch15,2,ok,no_timepix_match,,0,,,,0,0
1786821153,/Users/berare/BL4S/TDAQ_stateofArt/1786821153.root,2026-08-15T21:12:33+02:00,2026-08-15T22:31:24+02:00,4731.830000,38445,Scaler0_ch15,1,ok,no_timepix_match,,0,,,,0,0
1786821668,/Users/berare/BL4S/TDAQ_stateofArt/1786821668.root,2026-08-15T21:21:08+02:00,2026-08-15T21:26:04+02:00,296.519000,24999,Scaler0_ch15,0,ok,no_timepix_match,,0,,,,0,0
1786822004,/Users/berare/BL4S/TDAQ_stateofArt/1786822004.root,2026-08-15T21:26:44+02:00,2026-08-16T03:13:10+02:00,20786.400000,267109,Scaler0_ch15,4,ok,no_timepix_match,,0,,,,0,0
1786826340,/Users/berare/BL4S/TDAQ_stateofArt/1786826340.root,2026-08-15T22:39:00+02:00,2026-08-15T22:40:40+02:00,100.543000,101364,Scaler0_ch15,0,ok,no_timepix_match,,0,,,,0,0
1786826492,/Users/berare/BL4S/TDAQ_stateofArt/1786826492.root,2026-08-15T22:41:32+02:00,2026-08-15T22:43:14+02:00,102.342000,103086,Scaler0_ch15,0,ok,no_timepix_match,,0,,,,0,0
1786826624,/Users/berare/BL4S/TDAQ_stateofArt/1786826624.root,2026-08-15T22:43:44+02:00,2026-08-15T22:45:24+02:00,100.951000,101711,Scaler0_ch15,0,ok,no_timepix_match,,0,,,,0,0
1786826791,/Users/berare/BL4S/TDAQ_stateofArt/1786826791.root,2026-08-15T22:46:31+02:00,2026-08-15T23:59:02+02:00,4351.880000,127163,Scaler0_ch15,1,ok,no_timepix_match,,0,,,,0,0
1786826883,/Users/berare/BL4S/TDAQ_stateofArt/1786826883.root,2026-08-15T22:48:03+02:00,2026-08-15T22:48:10+02:00,7.056650,15960,Scaler0_ch15,0,ok,no_timepix_match,,0,,,,0,0
1786828126,/Users/berare/BL4S/TDAQ_stateofArt/1786828126.root,2026-08-15T23:08:46+02:00,2026-08-16T00:22:25+02:00,4419.630000,124386,Scaler0_ch15,1,ok,no_timepix_match,,0,,,,0,0
1786828280,/Users/berare/BL4S/TDAQ_stateofArt/1786828280.root,2026-08-15T23:11:20+02:00,2026-08-15T23:13:02+02:00,102.957000,102760,Scaler0_ch15,0,ok,no_timepix_match,,0,,,,0,0
1786828413,/Users/berare/BL4S/TDAQ_stateofArt/1786828413.root,2026-08-15T23:13:33+02:00,2026-08-16T02:50:18+02:00,13005.300000,120025,Scaler0_ch15,3,ok,no_timepix_match,,0,,,,0,0
1786828590,/Users/berare/BL4S/TDAQ_stateofArt/1786828590.root,2026-08-15T23:16:30+02:00,2026-08-16T00:29:58+02:00,4408.130000,112917,Scaler0_ch15,1,ok,no_timepix_match,,0,,,,0,0
1786828723,/Users/berare/BL4S/TDAQ_stateofArt/1786828723.root,2026-08-15T23:18:43+02:00,2026-08-16T01:43:42+02:00,8699.840000,109623,Scaler0_ch15,2,ok,no_timepix_match,,0,,,,0,0
1786828856,/Users/berare/BL4S/TDAQ_stateofArt/1786828856.root,2026-08-15T23:20:56+02:00,2026-08-15T23:22:42+02:00,106.692000,106497,Scaler0_ch15,0,ok,no_timepix_match,,0,,,,0,0
1786828994,/Users/berare/BL4S/TDAQ_stateofArt/1786828994.root,2026-08-15T23:23:14+02:00,2026-08-15T23:24:55+02:00,101.882000,101648,Scaler0_ch15,0,ok,no_timepix_match,,0,,,,0,0
1786829188,/Users/berare/BL4S/TDAQ_stateofArt/1786829188.root,2026-08-15T23:26:28+02:00,2026-08-16T00:39:44+02:00,4396.810000,101572,Scaler0_ch15,1,ok,no_timepix_match,,0,,,,0,0
1786829938,/Users/berare/BL4S/TDAQ_stateofArt/1786829938.root,2026-08-15T23:38:58+02:00,2026-08-15T23:40:04+02:00,66.384200,5809,Scaler0_ch15,0,ok,no_timepix_match,,0,,,,0,0
1786830571,/Users/berare/BL4S/TDAQ_stateofArt/1786830571.root,2026-08-15T23:49:31+02:00,2026-08-16T00:10:05+02:00,1234.660000,32773,Scaler0_ch15,0,ok,no_timepix_match,,0,,,,0,0
1786831818,/Users/berare/BL4S/TDAQ_stateofArt/1786831818.root,2026-08-16T00:10:18+02:00,2026-08-16T00:11:36+02:00,78.876500,5703,Scaler0_ch15,0,ok,no_timepix_match,,0,,,,0,0
1786832059,/Users/berare/BL4S/TDAQ_stateofArt/1786832059.root,2026-08-16T00:14:19+02:00,2026-08-16T00:16:55+02:00,156.942000,9513,Scaler0_ch15,0,ok,no_timepix_match,,0,,,,0,0
1786832347,/Users/berare/BL4S/TDAQ_stateofArt/1786832347.root,2026-08-16T00:19:07+02:00,2026-08-16T01:39:53+02:00,4846.090000,35438,Scaler0_ch15,1,ok,no_timepix_match,,0,,,,0,0
1786833136,/Users/berare/BL4S/TDAQ_stateofArt/1786833136.root,2026-08-16T00:32:16+02:00,2026-08-16T01:59:15+02:00,5219.860000,58114,Scaler0_ch15,1,ok,no_timepix_match,,0,,,,0,0
1786834513,/Users/berare/BL4S/TDAQ_stateofArt/1786834513.root,2026-08-16T00:55:13+02:00,2026-08-16T02:14:51+02:00,4778.310000,30588,Scaler0_ch15,1,ok,no_timepix_match,,0,,,,0,0
1786835122,/Users/berare/BL4S/TDAQ_stateofArt/1786835122.root,2026-08-16T01:05:22+02:00,2026-08-16T01:22:16+02:00,1014.180000,48433,Scaler0_ch15,0,ok,no_timepix_match,,0,,,,0,0
1786836376,/Users/berare/BL4S/TDAQ_stateofArt/1786836376.root,2026-08-16T01:26:16+02:00,2026-08-16T01:41:15+02:00,899.959000,41229,Scaler0_ch15,0,ok,no_timepix_match,,0,,,,0,0
1786837396,/Users/berare/BL4S/TDAQ_stateofArt/1786837396.root,2026-08-16T01:43:16+02:00,2026-08-16T03:08:25+02:00,5109.650000,49667,Scaler0_ch15,1,ok,no_timepix_match,,0,,,,0,0
1786838309,/Users/berare/BL4S/TDAQ_stateofArt/1786838309.root,2026-08-16T01:58:29+02:00,2026-08-16T02:13:33+02:00,904.835000,56611,Scaler0_ch15,0,ok,no_timepix_match,,0,,,,0,0
1786839384,/Users/berare/BL4S/TDAQ_stateofArt/1786839384.root,2026-08-16T02:16:24+02:00,2026-08-16T02:29:54+02:00,810.816000,50965,Scaler0_ch15,0,ok,no_timepix_match,,0,,,,0,0
1786840283,/Users/berare/BL4S/TDAQ_stateofArt/1786840283.root,2026-08-16T02:31:23+02:00,2026-08-17T11:27:18+02:00,118555.000000,1821424,Scaler0_ch15,27,ok,no_timepix_match,,0,,,,0,0
1786864539,/Users/berare/BL4S/TDAQ_stateofArt/1786864539.root,2026-08-16T09:15:39+02:00,2026-08-16T09:28:36+02:00,777.699000,50107,Scaler0_ch15,0,ok,no_timepix_match,,0,,,,0,0
1786865850,/Users/berare/BL4S/TDAQ_stateofArt/1786865850.root,2026-08-16T09:37:30+02:00,2026-08-16T11:04:18+02:00,5208.250000,59330,Scaler0_ch15,1,ok,no_timepix_match,,0,,,,0,0
1786866814,/Users/berare/BL4S/TDAQ_stateofArt/1786866814.root,2026-08-16T09:53:34+02:00,2026-08-16T09:54:05+02:00,31.316300,3195,Scaler0_ch15,0,ok,no_timepix_match,,0,,,,0,0
1786866862,/Users/berare/BL4S/TDAQ_stateofArt/1786866862.root,2026-08-16T09:54:22+02:00,2026-08-16T10:05:31+02:00,669.951000,55630,Scaler0_ch15,0,ok,no_timepix_match,,0,,,,0,0
1786867665,/Users/berare/BL4S/TDAQ_stateofArt/1786867665.root,2026-08-16T10:07:45+02:00,2026-08-16T10:18:00+02:00,615.802000,52678,Scaler0_ch15,0,ok,no_timepix_match,,0,,,,0,0
1786868768,/Users/berare/BL4S/TDAQ_stateofArt/1786868768.root,2026-08-16T10:26:08+02:00,2026-08-16T10:26:21+02:00,13.368300,1769,Scaler0_ch15,0,ok,no_timepix_match,,0,,,,0,0
1786868952,/Users/berare/BL4S/TDAQ_stateofArt/1786868952.root,2026-08-16T10:29:12+02:00,2026-08-16T10:39:19+02:00,607.404000,51297,Scaler0_ch15,0,ok,no_timepix_match,,0,,,,0,0
1786869626,/Users/berare/BL4S/TDAQ_stateofArt/1786869626.root,2026-08-16T10:40:26+02:00,2026-08-16T10:50:57+02:00,631.652000,53113,Scaler0_ch15,0,ok,no_timepix_match,,0,,,,0,0
1786870373,/Users/berare/BL4S/TDAQ_stateofArt/1786870373.root,2026-08-16T10:52:53+02:00,2026-08-16T11:13:10+02:00,1217.330000,50544,Scaler0_ch15,0,ok,no_timepix_match,,0,,,,0,0
1786872460,/Users/berare/BL4S/TDAQ_stateofArt/1786872460.root,2026-08-16T11:27:40+02:00,2026-08-16T11:38:38+02:00,658.754000,34870,Scaler0_ch15,0,ok,no_timepix_match,,0,,,,0,0
1786873403,/Users/berare/BL4S/TDAQ_stateofArt/1786873403.root,2026-08-16T11:43:23+02:00,2026-08-16T13:06:20+02:00,4977.970000,35083,Scaler0_ch15,1,ok,no_timepix_match,,0,,,,0,0
1786874231,/Users/berare/BL4S/TDAQ_stateofArt/1786874231.root,2026-08-16T11:57:11+02:00,2026-08-16T13:40:40+02:00,6209.000000,143574,Scaler0_ch15,1,ok,no_timepix_match,,0,,,,0,0
1786876505,/Users/berare/BL4S/TDAQ_stateofArt/1786876505.root,2026-08-16T12:35:05+02:00,2026-08-16T12:42:31+02:00,446.455000,35288,Scaler0_ch15,0,ok,no_timepix_match,,0,,,,0,0
1786877233,/Users/berare/BL4S/TDAQ_stateofArt/1786877233.root,2026-08-16T12:47:13+02:00,2026-08-16T14:13:35+02:00,5182.310000,52982,Scaler0_ch15,1,ok,no_timepix_match,,0,,,,0,0
1786882172,/Users/berare/BL4S/TDAQ_stateofArt/1786882172.root,2026-08-16T14:09:32+02:00,2026-08-16T14:17:34+02:00,482.154000,36781,Scaler0_ch15,0,ok,no_timepix_match,,0,,,,0,0
1786883073,/Users/berare/BL4S/TDAQ_stateofArt/1786883073.root,2026-08-16T14:24:33+02:00,2026-08-16T14:31:58+02:00,445.390000,35327,Scaler0_ch15,0,ok,no_timepix_match,,0,,,,0,0
1786883648,/Users/berare/BL4S/TDAQ_stateofArt/1786883648.root,2026-08-16T14:34:08+02:00,2026-08-16T15:54:06+02:00,4798.670000,38658,Scaler0_ch15,1,ok,no_timepix_match,,0,,,,0,0
1786884479,/Users/berare/BL4S/TDAQ_stateofArt/1786884479.root,2026-08-16T14:47:59+02:00,2026-08-16T14:54:42+02:00,403.372000,31766,Scaler0_ch15,0,ok,no_timepix_match,,0,,,,0,0
1786885113,/Users/berare/BL4S/TDAQ_stateofArt/1786885113.root,2026-08-16T14:58:33+02:00,2026-08-16T15:04:53+02:00,380.569000,30476,Scaler0_ch15,0,ok,no_timepix_match,,0,,,,0,0
1786887458,/Users/berare/BL4S/TDAQ_stateofArt/1786887458.root,2026-08-16T15:37:38+02:00,2026-08-16T15:45:12+02:00,454.359000,35072,Scaler0_ch15,0,ok,no_timepix_match,,0,,,,0,0
1786890116,/Users/berare/BL4S/TDAQ_stateofArt/1786890116.root,2026-08-16T16:21:56+02:00,2026-08-16T16:31:00+02:00,544.458000,32212,Scaler0_ch15,0,ok,no_timepix_match,,0,,,,0,0
1786891010,/Users/berare/BL4S/TDAQ_stateofArt/1786891010.root,2026-08-16T16:36:50+02:00,2026-08-16T16:46:39+02:00,589.121000,33970,Scaler0_ch15,0,ok,no_timepix_match,,0,,,,0,0
1786891837,/Users/berare/BL4S/TDAQ_stateofArt/1786891837.root,2026-08-16T16:50:37+02:00,2026-08-16T18:14:49+02:00,5052.810000,45998,Scaler0_ch15,1,ok,no_timepix_match,,0,,,,0,0
1786892766,/Users/berare/BL4S/TDAQ_stateofArt/1786892766.root,2026-08-16T17:06:06+02:00,2026-08-16T17:13:53+02:00,467.148000,33117,Scaler0_ch15,0,ok,no_timepix_match,,0,,,,0,0
1786893316,/Users/berare/BL4S/TDAQ_stateofArt/1786893316.root,2026-08-16T17:15:16+02:00,2026-08-16T17:22:26+02:00,430.489000,30446,Scaler0_ch15,0,ok,no_timepix_match,,0,,,,0,0
1786894793,/Users/berare/BL4S/TDAQ_stateofArt/1786894793.root,2026-08-16T17:39:53+02:00,2026-08-16T17:51:49+02:00,716.084000,49257,Scaler0_ch15,0,ok,no_timepix_match,,0,,,,0,0
1786895892,/Users/berare/BL4S/TDAQ_stateofArt/1786895892.root,2026-08-16T17:58:12+02:00,2026-08-16T22:06:28+02:00,14896.400000,367090,Scaler0_ch15,3,ok,no_timepix_match,,0,,,,0,0
1786903064,/Users/berare/BL4S/TDAQ_stateofArt/1786903064.root,2026-08-16T19:57:44+02:00,2026-08-16T21:20:49+02:00,4985.020000,36740,Scaler0_ch15,1,ok,no_timepix_match,,0,,,,0,0
1786903854,/Users/berare/BL4S/TDAQ_stateofArt/1786903854.root,2026-08-16T20:10:54+02:00,2026-08-16T20:27:28+02:00,994.072000,57072,Scaler0_ch15,0,ok,no_timepix_match,,0,,,,0,0
1786905364,/Users/berare/BL4S/TDAQ_stateofArt/1786905364.root,2026-08-16T20:36:04+02:00,2026-08-16T20:43:12+02:00,428.629000,14669,Scaler0_ch15,0,ok,no_timepix_match,,0,,,,0,0
1786906157,/Users/berare/BL4S/TDAQ_stateofArt/1786906157.root,2026-08-16T20:49:17+02:00,2026-08-16T23:19:26+02:00,9009.070000,52821,Scaler0_ch15,2,ok,no_timepix_match,,0,,,,0,0
1786906692,/Users/berare/BL4S/TDAQ_stateofArt/1786906692.root,2026-08-16T20:58:12+02:00,2026-08-16T21:02:59+02:00,287.218000,37615,Scaler0_ch15,0,ok,no_timepix_match,,0,,,,0,0
1786907349,/Users/berare/BL4S/TDAQ_stateofArt/1786907349.root,2026-08-16T21:09:09+02:00,2026-08-16T21:11:20+02:00,131.729000,592,Scaler0_ch15,0,ok,no_timepix_match,,0,,,,0,0
1786907647,/Users/berare/BL4S/TDAQ_stateofArt/1786907647.root,2026-08-16T21:14:07+02:00,2026-08-16T22:34:43+02:00,4836.380000,70097,Scaler0_ch15,1,ok,no_timepix_match,,0,,,,0,0
1786908302,/Users/berare/BL4S/TDAQ_stateofArt/1786908302.root,2026-08-16T21:25:02+02:00,2026-08-16T23:57:33+02:00,9151.200000,72676,Scaler0_ch15,2,ok,no_timepix_match,,0,,,,0,0
1786914869,/Users/berare/BL4S/TDAQ_stateofArt/1786914869.root,2026-08-16T23:14:29+02:00,2026-08-18T06:24:30+02:00,112201.000000,2011309,Scaler0_ch15,26,ok,no_timepix_match,,0,,,,0,0
1786960293,/Users/berare/BL4S/TDAQ_stateofArt/1786960293.root,2026-08-17T11:51:33+02:00,2026-08-17T13:17:38+02:00,5165.710000,47087,Scaler0_ch15,1,ok,no_timepix_match,,0,,,,0,0
1786961253,/Users/berare/BL4S/TDAQ_stateofArt/1786961253.root,2026-08-17T12:07:33+02:00,2026-08-17T18:55:20+02:00,24467.600000,204653,Scaler0_ch15,5,ok,no_timepix_match,,0,,,,0,0
1786964403,/Users/berare/BL4S/TDAQ_stateofArt/1786964403.root,2026-08-17T13:00:03+02:00,2026-08-17T13:38:03+02:00,2280.570000,111836,Scaler0_ch15,0,ok,no_timepix_match,,0,,,,0,0
1786984450,/Users/berare/BL4S/TDAQ_stateofArt/1786984450.root,2026-08-17T18:34:10+02:00,2026-08-17T18:34:10+02:00,0.000000,0,Scaler0_ch15,0,empty_tree,no_timepix_match,,0,,,,0,0
1786984559,/Users/berare/BL4S/TDAQ_stateofArt/1786984559.root,2026-08-17T18:35:59+02:00,2026-08-17T22:44:54+02:00,14935.600000,311189,Scaler0_ch15,3,ok,no_timepix_match,,0,,,,0,0
1787004129,/Users/berare/BL4S/TDAQ_stateofArt/1787004129.root,2026-08-18T00:02:09+02:00,2026-08-19T02:44:49+02:00,96160.400000,1539159,Scaler0_ch15,22,ok,no_timepix_match,,0,,,,0,0
1787045879,/Users/berare/BL4S/TDAQ_stateofArt/1787045879.root,2026-08-18T11:37:59+02:00,2026-08-18T13:08:40+02:00,5441.970000,50507,Scaler0_ch15,1,ok,no_timepix_match,,0,,,,0,0
1787049075,/Users/berare/BL4S/TDAQ_stateofArt/1787049075.root,2026-08-18T12:31:15+02:00,2026-08-18T17:22:06+02:00,17451.200000,274068,Scaler0_ch15,4,ok,overlap,0-2,2,2026-08-18T14:01:38+02:00,2026-08-18T14:08:55+02:00,0-2,2,0
1787058277,/Users/berare/BL4S/TDAQ_stateofArt/1787058277.root,2026-08-18T15:04:37+02:00,2026-08-18T23:13:50+02:00,29353.400000,744709,Scaler0_ch15,6,ok,overlap,3-8,6,2026-08-18T16:18:14+02:00,2026-08-18T21:17:53+02:00,3-8,6,0
1787081424,/Users/berare/BL4S/TDAQ_stateofArt/1787081424.root,2026-08-18T21:30:24+02:00,2026-08-18T23:04:59+02:00,5675.450000,69157,Scaler0_ch15,1,ok,overlap,9-23,15,2026-08-18T21:30:20+02:00,2026-08-18T21:45:23+02:00,9-23,15,0
1787088489,/Users/berare/BL4S/TDAQ_stateofArt/1787088489.root,2026-08-18T23:28:09+02:00,2026-08-18T23:28:54+02:00,45.068500,1203,Scaler0_ch15,0,ok,no_timepix_match,,0,,,,0,0
1787088562,/Users/berare/BL4S/TDAQ_stateofArt/1787088562.root,2026-08-18T23:29:22+02:00,2026-08-18T23:30:49+02:00,87.631400,3637,Scaler0_ch15,0,ok,overlap,24-28,5,2026-08-18T23:28:59+02:00,2026-08-18T23:29:52+02:00,24-28,5,0
1787088655,/Users/berare/BL4S/TDAQ_stateofArt/1787088655.root,2026-08-18T23:30:55+02:00,2026-08-19T21:12:50+02:00,78115.400000,1482805,Scaler0_ch15,18,ok,overlap,29-629,601,2026-08-18T23:30:21+02:00,2026-08-19T08:05:26+02:00,29-629,601,0
1787131445,/Users/berare/BL4S/TDAQ_stateofArt/1787131445.root,2026-08-19T11:24:05+02:00,2026-08-19T11:24:05+02:00,0.000000,0,Scaler0_ch15,0,empty_tree,no_timepix_match,,0,,,,0,0
1787131594,/Users/berare/BL4S/TDAQ_stateofArt/1787131594.root,2026-08-19T11:26:34+02:00,2026-08-19T11:26:34+02:00,0.000000,0,Scaler0_ch15,0,empty_tree,no_timepix_match,,0,,,,0,0
1787131925,/Users/berare/BL4S/TDAQ_stateofArt/1787131925.root,2026-08-19T11:32:05+02:00,2026-08-20T00:44:53+02:00,47568.400000,480878,Scaler0_ch15,11,ok,overlap,630-755,126,2026-08-19T11:31:41+02:00,2026-08-19T14:28:31+02:00,630-755,126,0
1787140923,/Users/berare/BL4S/TDAQ_stateofArt/1787140923.root,2026-08-19T14:02:03+02:00,2026-08-19T14:06:17+02:00,254.737000,14021,Scaler0_ch15,0,ok,no_timepix_match,,0,,,,0,0
1787143118,/Users/berare/BL4S/TDAQ_stateofArt/1787143118.root,2026-08-19T14:38:38+02:00,2026-08-19T14:38:38+02:00,0.000000,0,Scaler0_ch15,0,empty_tree,no_timepix_match,,0,,,,0,0
1787143237,/Users/berare/BL4S/TDAQ_stateofArt/1787143237.root,2026-08-19T14:40:37+02:00,2026-08-20T09:11:51+02:00,66674.600000,1334354,Scaler0_ch15,15,ok,overlap,756-1172,417,2026-08-19T14:38:33+02:00,2026-08-19T21:19:02+02:00,756-1172,417,0
1787168532,/Users/berare/BL4S/TDAQ_stateofArt/1787168532.root,2026-08-19T21:42:12+02:00,2026-08-20T03:24:56+02:00,20564.000000,210780,Scaler0_ch15,4,ok,overlap,1173-1219,47,2026-08-19T21:39:33+02:00,2026-08-19T22:28:02+02:00,1173-1219,47,0
1787172822,/Users/berare/BL4S/TDAQ_stateofArt/1787172822.root,2026-08-19T22:53:42+02:00,2026-08-21T16:56:43+02:00,151381.000000,2506014,Scaler0_ch15,35,ok,overlap,1220-1313,94,2026-08-19T22:53:37+02:00,2026-08-20T00:29:29+02:00,1220-1313,94,0
1787222700,/Users/berare/BL4S/TDAQ_stateofArt/1787222700.root,2026-08-20T12:45:00+02:00,2026-08-20T23:01:08+02:00,36968.000000,626530,Scaler0_ch15,8,ok,no_timepix_match,,0,,,,0,0
1787243607,/Users/berare/BL4S/TDAQ_stateofArt/1787243607.root,2026-08-20T18:33:27+02:00,2026-08-21T08:42:11+02:00,50924.000000,884719,Scaler0_ch15,11,ok,overlap,1314-1413,100,2026-08-20T20:21:40+02:00,2026-08-20T22:03:40+02:00,1314-1413,100,0
1787260664,/Users/berare/BL4S/TDAQ_stateofArt/1787260664.root,2026-08-20T23:17:44+02:00,2026-08-20T23:22:01+02:00,257.366000,18870,Scaler0_ch15,0,ok,no_timepix_match,,0,,,,0,0
1787261776,/Users/berare/BL4S/TDAQ_stateofArt/1787261776.root,2026-08-20T23:36:16+02:00,2026-08-20T23:57:36+02:00,1280.420000,89929,Scaler0_ch15,0,ok,no_timepix_match,,0,,,,0,0
1787263128,/Users/berare/BL4S/TDAQ_stateofArt/1787263128.root,2026-08-20T23:58:48+02:00,2026-08-20T23:59:51+02:00,63.785900,5586,Scaler0_ch15,0,ok,no_timepix_match,,0,,,,0,0
1787263563,/Users/berare/BL4S/TDAQ_stateofArt/1787263563.root,2026-08-21T00:06:03+02:00,2026-08-21T00:09:22+02:00,199.407000,15038,Scaler0_ch15,0,ok,no_timepix_match,,0,,,,0,0
1787264255,/Users/berare/BL4S/TDAQ_stateofArt/1787264255.root,2026-08-21T00:17:35+02:00,2026-08-21T00:28:58+02:00,683.576000,47991,Scaler0_ch15,0,ok,no_timepix_match,,0,,,,0,0
1787265010,/Users/berare/BL4S/TDAQ_stateofArt/1787265010.root,2026-08-21T00:30:10+02:00,2026-08-21T01:52:19+02:00,4929.040000,45387,Scaler0_ch15,1,ok,no_timepix_match,,0,,,,0,0
1787269191,/Users/berare/BL4S/TDAQ_stateofArt/1787269191.root,2026-08-21T01:39:51+02:00,2026-08-22T16:59:46+02:00,141595.000000,2010193,Scaler0_ch15,32,ok,overlap,1414-1941,488,2026-08-21T01:39:48+02:00,2026-08-21T13:01:46+02:00,1414-1941,488,0
1787306041,/Users/berare/BL4S/TDAQ_stateofArt/1787306041.root,2026-08-21T11:54:01+02:00,2026-08-21T12:24:48+02:00,1847.660000,33242,Scaler0_ch15,0,ok,overlap,1874-1905,32,2026-08-21T11:51:40+02:00,2026-08-21T12:13:37+02:00,1874-1905,32,0
1787309286,/Users/berare/BL4S/TDAQ_stateofArt/1787309286.root,2026-08-21T12:48:06+02:00,2026-08-21T12:54:33+02:00,387.747000,2292,Scaler0_ch15,0,ok,overlap,1927-1934,8,2026-08-21T12:46:09+02:00,2026-08-21T12:53:51+02:00,1927-1934,8,0
1787310257,/Users/berare/BL4S/TDAQ_stateofArt/1787310257.root,2026-08-21T13:04:17+02:00,2026-08-21T13:05:21+02:00,64.854300,2464,Scaler0_ch15,0,ok,overlap,1942-1947,6,2026-08-21T13:01:57+02:00,2026-08-21T13:07:32+02:00,1942-1947,6,0
1787310616,/Users/berare/BL4S/TDAQ_stateofArt/1787310616.root,2026-08-21T13:10:16+02:00,2026-08-21T16:29:01+02:00,11925.100000,106424,Scaler0_ch15,2,ok,overlap,1948-2047,100,2026-08-21T13:08:16+02:00,2026-08-21T14:05:51+02:00,1948-2047,100,0
1787316998,/Users/berare/BL4S/TDAQ_stateofArt/1787316998.root,2026-08-21T14:56:38+02:00,2026-08-21T19:23:27+02:00,16009.300000,231602,Scaler0_ch15,3,ok,overlap,2048-2186,139,2026-08-21T14:53:38+02:00,2026-08-21T17:01:59+02:00,2048-2186,139,0
1787325562,/Users/berare/BL4S/TDAQ_stateofArt/1787325562.root,2026-08-21T17:19:22+02:00,2026-08-22T08:59:29+02:00,56407.900000,1014948,Scaler0_ch15,13,ok,overlap,2187-2512,319,2026-08-21T17:16:45+02:00,2026-08-21T22:37:20+02:00,2187-2512,319,0
1787344449,/Users/berare/BL4S/TDAQ_stateofArt/1787344449.root,2026-08-21T22:34:09+02:00,2026-08-21T22:37:19+02:00,190.624000,11631,Scaler0_ch15,0,ok,overlap,2495-2501,7,2026-08-21T22:31:19+02:00,2026-08-21T22:36:57+02:00,2495-2501,7,0
1787345503,/Users/berare/BL4S/TDAQ_stateofArt/1787345503.root,2026-08-21T22:51:43+02:00,2026-08-21T23:08:37+02:00,1014.900000,53236,Scaler0_ch15,0,ok,overlap,2513-2529,17,2026-08-21T22:48:48+02:00,2026-08-21T23:06:43+02:00,2513-2529,17,0
1787346586,/Users/berare/BL4S/TDAQ_stateofArt/1787346586.root,2026-08-21T23:09:46+02:00,2026-08-23T02:21:06+02:00,97880.900000,1079724,Scaler0_ch15,22,ok,overlap,2530-2753,224,2026-08-21T23:07:09+02:00,2026-08-22T02:55:30+02:00,2530-2753,224,0
1787368460,/Users/berare/BL4S/TDAQ_stateofArt/1787368460.root,2026-08-22T05:14:20+02:00,2026-08-22T20:45:05+02:00,55845.700000,610399,Scaler0_ch15,13,ok,overlap,2754-2770,17,2026-08-22T10:06:00+02:00,,2754-2770,17,0
1787387158,/Users/berare/BL4S/TDAQ_stateofArt/1787387158.root,2026-08-22T10:25:58+02:00,2026-08-22T12:07:37+02:00,6099.340000,61340,Scaler0_ch15,1,ok,overlap,2771-2826,56,2026-08-22T10:23:21+02:00,2026-08-22T11:20:03+02:00,2771-2826,56,0
1787390563,/Users/berare/BL4S/TDAQ_stateofArt/1787390563.root,2026-08-22T11:22:43+02:00,2026-08-22T21:31:27+02:00,36524.900000,402046,Scaler0_ch15,8,ok,overlap,2827-3214,293,2026-08-22T11:20:29+02:00,2026-08-22T17:58:48+02:00,2827-3214,293,0
1787406968,/Users/berare/BL4S/TDAQ_stateofArt/1787406968.root,2026-08-22T15:56:08+02:00,2026-08-22T15:56:32+02:00,24.157400,1246,Scaler0_ch15,0,ok,overlap,3092-3096,5,2026-08-22T15:53:30+02:00,2026-08-22T15:56:32+02:00,3092-3096,5,0
1787407228,/Users/berare/BL4S/TDAQ_stateofArt/1787407228.root,2026-08-22T16:00:28+02:00,2026-08-22T16:06:28+02:00,360.540000,3,Scaler0_ch15,0,ok,overlap,3097-3103,7,2026-08-22T15:58:36+02:00,,3097-3103,7,0
1787407678,/Users/berare/BL4S/TDAQ_stateofArt/1787407678.root,2026-08-22T16:07:58+02:00,2026-08-22T16:12:21+02:00,263.735000,1633,Scaler0_ch15,0,ok,overlap,3104-3108,5,2026-08-22T16:05:45+02:00,2026-08-22T16:10:20+02:00,3104-3108,5,0
1787407961,/Users/berare/BL4S/TDAQ_stateofArt/1787407961.root,2026-08-22T16:12:41+02:00,2026-08-22T17:30:11+02:00,4650.160000,22034,Scaler0_ch15,1,ok,overlap,3109-3186,50,2026-08-22T16:10:51+02:00,2026-08-22T17:30:00+02:00,3109-3186,50,0
1787408396,/Users/berare/BL4S/TDAQ_stateofArt/1787408396.root,2026-08-22T16:19:56+02:00,2026-08-22T16:21:28+02:00,92.799000,7051,Scaler0_ch15,0,ok,overlap,3115-3120,6,2026-08-22T16:16:58+02:00,2026-08-22T16:22:56+02:00,3115-3120,6,0
1787408731,/Users/berare/BL4S/TDAQ_stateofArt/1787408731.root,2026-08-22T16:25:31+02:00,2026-08-22T16:31:05+02:00,334.455000,20372,Scaler0_ch15,0,ok,overlap,3121-3127,7,2026-08-22T16:23:05+02:00,2026-08-22T16:30:08+02:00,3121-3127,7,0
1787409242,/Users/berare/BL4S/TDAQ_stateofArt/1787409242.root,2026-08-22T16:34:02+02:00,2026-08-22T16:40:12+02:00,370.451000,21964,Scaler0_ch15,0,ok,overlap,3129-3136,8,2026-08-22T16:31:15+02:00,2026-08-22T16:39:15+02:00,3129-3136,8,0
1787409712,/Users/berare/BL4S/TDAQ_stateofArt/1787409712.root,2026-08-22T16:41:52+02:00,2026-08-22T16:47:24+02:00,332.158000,20382,Scaler0_ch15,0,ok,overlap,3137-3143,7,2026-08-22T16:39:25+02:00,2026-08-22T16:46:27+02:00,3137-3143,7,0
1787414494,/Users/berare/BL4S/TDAQ_stateofArt/1787414494.root,2026-08-22T18:01:34+02:00,2026-08-22T18:08:31+02:00,417.219000,25350,Scaler0_ch15,0,ok,overlap,3215-3222,8,2026-08-22T17:58:59+02:00,2026-08-22T18:07:05+02:00,3215-3222,8,0
1787414978,/Users/berare/BL4S/TDAQ_stateofArt/1787414978.root,2026-08-22T18:09:38+02:00,2026-08-22T18:12:56+02:00,198.256000,11821,Scaler0_ch15,0,ok,overlap,3223-3227,5,2026-08-22T18:07:09+02:00,2026-08-22T18:11:53+02:00,3223-3227,5,0
1787415228,/Users/berare/BL4S/TDAQ_stateofArt/1787415228.root,2026-08-22T18:13:48+02:00,2026-08-22T18:19:11+02:00,323.210000,20211,Scaler0_ch15,0,ok,overlap,3228-3233,6,2026-08-22T18:12:15+02:00,2026-08-22T18:18:14+02:00,3228-3233,6,0
1787415623,/Users/berare/BL4S/TDAQ_stateofArt/1787415623.root,2026-08-22T18:20:23+02:00,2026-08-22T19:37:52+02:00,4649.540000,22000,Scaler0_ch15,1,ok,overlap,3234-3239,6,2026-08-22T18:18:22+02:00,2026-08-22T18:24:22+02:00,3234-3239,6,0
1787416044,/Users/berare/BL4S/TDAQ_stateofArt/1787416044.root,2026-08-22T18:27:24+02:00,2026-08-22T18:33:28+02:00,364.837000,21917,Scaler0_ch15,0,ok,overlap,3240-3247,8,2026-08-22T18:24:30+02:00,2026-08-22T18:32:32+02:00,3240-3247,8,0
1787416522,/Users/berare/BL4S/TDAQ_stateofArt/1787416522.root,2026-08-22T18:35:22+02:00,2026-08-22T19:52:16+02:00,4614.590000,20209,Scaler0_ch15,1,ok,overlap,3248-3258,11,2026-08-22T18:32:39+02:00,2026-08-22T18:41:39+02:00,3248-3258,11,0
1787417290,/Users/berare/BL4S/TDAQ_stateofArt/1787417290.root,2026-08-22T18:48:10+02:00,2026-08-23T04:07:52+02:00,33582.800000,521092,Scaler0_ch15,7,ok,overlap,3259-3683,313,2026-08-22T18:46:58+02:00,2026-08-23T02:10:53+02:00,3259-3683,313,0
1787430082,/Users/berare/BL4S/TDAQ_stateofArt/1787430082.root,2026-08-22T22:21:22+02:00,2026-08-22T22:27:42+02:00,380.911000,21675,Scaler0_ch15,0,ok,overlap,3467-3474,8,2026-08-22T22:19:10+02:00,2026-08-22T22:27:15+02:00,3467-3474,8,0
1787430653,/Users/berare/BL4S/TDAQ_stateofArt/1787430653.root,2026-08-22T22:30:53+02:00,2026-08-22T22:36:22+02:00,329.370000,20229,Scaler0_ch15,0,ok,overlap,3476-3482,7,2026-08-22T22:28:21+02:00,2026-08-22T22:35:25+02:00,3476-3482,7,0
1787431119,/Users/berare/BL4S/TDAQ_stateofArt/1787431119.root,2026-08-22T22:38:39+02:00,2026-08-22T22:44:31+02:00,352.548000,21415,Scaler0_ch15,0,ok,overlap,3484-3490,7,2026-08-22T22:36:31+02:00,2026-08-22T22:43:34+02:00,3484-3490,7,0
1787431583,/Users/berare/BL4S/TDAQ_stateofArt/1787431583.root,2026-08-22T22:46:23+02:00,2026-08-22T22:52:12+02:00,349.914000,21278,Scaler0_ch15,0,ok,overlap,3491-3498,8,2026-08-22T22:43:39+02:00,2026-08-22T22:51:44+02:00,3491-3498,8,0
1787432044,/Users/berare/BL4S/TDAQ_stateofArt/1787432044.root,2026-08-22T22:54:04+02:00,2026-08-23T00:11:27+02:00,4643.970000,21178,Scaler0_ch15,1,ok,overlap,3499-3576,46,2026-08-22T22:51:49+02:00,2026-08-23T00:10:56+02:00,3499-3576,46,0
1787432452,/Users/berare/BL4S/TDAQ_stateofArt/1787432452.root,2026-08-22T23:00:52+02:00,2026-08-22T23:07:05+02:00,373.660000,21186,Scaler0_ch15,0,ok,overlap,3505-3512,8,2026-08-22T22:57:56+02:00,2026-08-22T23:05:39+02:00,3505-3512,8,0
1787432906,/Users/berare/BL4S/TDAQ_stateofArt/1787432906.root,2026-08-22T23:08:26+02:00,2026-08-22T23:14:23+02:00,357.296000,21225,Scaler0_ch15,0,ok,overlap,3513-3519,7,2026-08-22T23:06:06+02:00,2026-08-22T23:12:51+02:00,3513-3519,7,0
1787433329,/Users/berare/BL4S/TDAQ_stateofArt/1787433329.root,2026-08-22T23:15:29+02:00,2026-08-22T23:21:29+02:00,360.660000,21196,Scaler0_ch15,0,ok,overlap,3520-3527,8,2026-08-22T23:13:14+02:00,2026-08-22T23:21:01+02:00,3520-3527,8,0
1787433886,/Users/berare/BL4S/TDAQ_stateofArt/1787433886.root,2026-08-22T23:24:46+02:00,2026-08-22T23:32:02+02:00,436.958000,27184,Scaler0_ch15,0,ok,overlap,3529-3537,9,2026-08-22T23:22:25+02:00,2026-08-22T23:31:34+02:00,3529-3537,9,0
1787443166,/Users/berare/BL4S/TDAQ_stateofArt/1787443166.root,2026-08-23T01:59:26+02:00,2026-08-23T02:07:32+02:00,486.586000,1378,Scaler0_ch15,0,ok,no_timepix_match,,0,,,,0,0
1787443657,/Users/berare/BL4S/TDAQ_stateofArt/1787443657.root,2026-08-23T02:07:37+02:00,2026-08-23T02:10:51+02:00,194.940000,863,Scaler0_ch15,0,ok,overlap,3679-3682,4,2026-08-23T02:07:37+02:00,2026-08-23T02:10:26+02:00,3679-3682,4,0
1787444130,/Users/berare/BL4S/TDAQ_stateofArt/1787444130.root,2026-08-23T02:15:30+02:00,2026-08-23T10:16:12+02:00,28842.400000,166615,Scaler0_ch15,6,ok,overlap,3684-4280,597,2026-08-23T02:15:12+02:00,2026-08-23T12:33:35+02:00,3684-4280,597,0
