run_number,root_file,tdaq_start_local,tdaq_end_local,tdaq_entries,status,reason,nearest_before_measurement,nearest_before_gap_s,nearest_before_end_local,nearest_after_measurement,nearest_after_gap_s,nearest_after_start_local
1781199933,/Users/berare/BL4S/TDAQ_stateofArt/1781199933.root,2026-06-11T19:45:33+02:00,2026-06-11T19:45:33+02:00,116787,ok,run is before first available TimePix measurement,,,,0,5854565.606,2026-08-18T14:01:38+02:00
1781200098,/Users/berare/BL4S/TDAQ_stateofArt/1781200098.root,2026-06-11T19:48:18+02:00,2026-06-11T19:48:18+02:00,102695,ok,run is before first available TimePix measurement,,,,0,5854400.606,2026-08-18T14:01:38+02:00
1781200248,/Users/berare/BL4S/TDAQ_stateofArt/1781200248.root,2026-06-11T19:50:48+02:00,2026-06-11T19:50:48+02:00,102451,ok,run is before first available TimePix measurement,,,,0,5854250.606,2026-08-18T14:01:38+02:00
1781200414,/Users/berare/BL4S/TDAQ_stateofArt/1781200414.root,2026-06-11T19:53:34+02:00,2026-06-11T19:53:34+02:00,122990,ok,run is before first available TimePix measurement,,,,0,5854084.606,2026-08-18T14:01:38+02:00
1781200594,/Users/berare/BL4S/TDAQ_stateofArt/1781200594.root,2026-06-11T19:56:34+02:00,2026-06-11T19:56:34+02:00,135776,ok,run is before first available TimePix measurement,,,,0,5853904.606,2026-08-18T14:01:38+02:00
1781200773,/Users/berare/BL4S/TDAQ_stateofArt/1781200773.root,2026-06-11T19:59:33+02:00,2026-06-11T19:59:33+02:00,128476,ok,run is before first available TimePix measurement,,,,0,5853725.606,2026-08-18T14:01:38+02:00
1781253147,/Users/berare/BL4S/TDAQ_stateofArt/1781253147.root,2026-06-12T10:32:27+02:00,2026-06-12T10:32:27+02:00,188810,ok,run is before first available TimePix measurement,,,,0,5801351.606,2026-08-18T14:01:38+02:00
1781253396,/Users/berare/BL4S/TDAQ_stateofArt/1781253396.root,2026-06-12T10:36:36+02:00,2026-06-12T10:36:36+02:00,159960,ok,run is before first available TimePix measurement,,,,0,5801102.606,2026-08-18T14:01:38+02:00
1781253617,/Users/berare/BL4S/TDAQ_stateofArt/1781253617.root,2026-06-12T10:40:17+02:00,2026-06-12T10:40:17+02:00,236599,ok,run is before first available TimePix measurement,,,,0,5800881.606,2026-08-18T14:01:38+02:00
1781346892,/Users/berare/BL4S/TDAQ_stateofArt/1781346892.root,2026-06-13T12:34:52+02:00,2026-06-13T12:34:52+02:00,45445,ok,run is before first available TimePix measurement,,,,0,5707606.606,2026-08-18T14:01:38+02:00
1781353013,/Users/berare/BL4S/TDAQ_stateofArt/1781353013.root,2026-06-13T14:16:53+02:00,2026-06-13T14:16:56+02:00,94888,ok,run is before first available TimePix measurement,,,,0,5701482.115,2026-08-18T14:01:38+02:00
1781358094,/Users/berare/BL4S/TDAQ_stateofArt/1781358094.root,2026-06-13T15:41:34+02:00,2026-06-13T15:41:35+02:00,22555,ok,run is before first available TimePix measurement,,,,0,5696403.197,2026-08-18T14:01:38+02:00
1781367664,/Users/berare/BL4S/TDAQ_stateofArt/1781367664.root,2026-06-13T18:21:04+02:00,2026-06-13T18:21:04+02:00,62939,ok,run is before first available TimePix measurement,,,,0,5686834.043,2026-08-18T14:01:38+02:00
1781380111,/Users/berare/BL4S/TDAQ_stateofArt/1781380111.root,2026-06-13T21:48:31+02:00,2026-06-13T21:48:31+02:00,0,empty_tree,run is before first available TimePix measurement,,,,0,5674387.606,2026-08-18T14:01:38+02:00
1781380336,/Users/berare/BL4S/TDAQ_stateofArt/1781380336.root,2026-06-13T21:52:16+02:00,2026-06-13T21:52:16+02:00,7394,ok,run is before first available TimePix measurement,,,,0,5674162.192,2026-08-18T14:01:38+02:00
1781386542,/Users/berare/BL4S/TDAQ_stateofArt/1781386542.root,2026-06-13T23:35:42+02:00,2026-06-13T23:35:42+02:00,30983,ok,run is before first available TimePix measurement,,,,0,5667955.939,2026-08-18T14:01:38+02:00
1781387989,/Users/berare/BL4S/TDAQ_stateofArt/1781387989.root,2026-06-13T23:59:49+02:00,2026-06-13T23:59:51+02:00,122350,ok,run is before first available TimePix measurement,,,,0,5666506.986,2026-08-18T14:01:38+02:00
1781396029,/Users/berare/BL4S/TDAQ_stateofArt/1781396029.root,2026-06-14T02:13:49+02:00,2026-06-14T02:13:49+02:00,4221,ok,run is before first available TimePix measurement,,,,0,5658469.539,2026-08-18T14:01:38+02:00
1781443001,/Users/berare/BL4S/TDAQ_stateofArt/1781443001.root,2026-06-14T15:16:41+02:00,2026-06-14T15:16:42+02:00,101957,ok,run is before first available TimePix measurement,,,,0,5611496.583,2026-08-18T14:01:38+02:00
1781443142,/Users/berare/BL4S/TDAQ_stateofArt/1781443142.root,2026-06-14T15:19:02+02:00,2026-06-14T15:19:05+02:00,154864,ok,run is before first available TimePix measurement,,,,0,5611353.384,2026-08-18T14:01:38+02:00
1781443503,/Users/berare/BL4S/TDAQ_stateofArt/1781443503.root,2026-06-14T15:25:03+02:00,2026-06-14T15:25:04+02:00,122569,ok,run is before first available TimePix measurement,,,,0,5610994.377,2026-08-18T14:01:38+02:00
1781457832,/Users/berare/BL4S/TDAQ_stateofArt/1781457832.root,2026-06-14T19:23:52+02:00,2026-06-14T19:24:03+02:00,28885,ok,run is before first available TimePix measurement,,,,0,5596654.986,2026-08-18T14:01:38+02:00
1781459063,/Users/berare/BL4S/TDAQ_stateofArt/1781459063.root,2026-06-14T19:44:23+02:00,2026-06-14T19:44:28+02:00,27973,ok,run is before first available TimePix measurement,,,,0,5595429.816,2026-08-18T14:01:38+02:00
1781459734,/Users/berare/BL4S/TDAQ_stateofArt/1781459734.root,2026-06-14T19:55:34+02:00,2026-06-14T19:56:24+02:00,235476,ok,run is before first available TimePix measurement,,,,0,5594713.691,2026-08-18T14:01:38+02:00
1781465642,/Users/berare/BL4S/TDAQ_stateofArt/1781465642.root,2026-06-14T21:34:02+02:00,2026-06-14T21:34:14+02:00,53502,ok,run is before first available TimePix measurement,,,,0,5588844.036,2026-08-18T14:01:38+02:00
1781468134,/Users/berare/BL4S/TDAQ_stateofArt/1781468134.root,2026-06-14T22:15:34+02:00,2026-06-14T22:15:41+02:00,20586,ok,run is before first available TimePix measurement,,,,0,5586356.632,2026-08-18T14:01:38+02:00
1781469585,/Users/berare/BL4S/TDAQ_stateofArt/1781469585.root,2026-06-14T22:39:45+02:00,2026-06-14T22:39:53+02:00,20091,ok,run is before first available TimePix measurement,,,,0,5584905.287,2026-08-18T14:01:38+02:00
1781471803,/Users/berare/BL4S/TDAQ_stateofArt/1781471803.root,2026-06-14T23:16:43+02:00,2026-06-14T23:16:47+02:00,28169,ok,run is before first available TimePix measurement,,,,0,5582691.197,2026-08-18T14:01:38+02:00
1781472431,/Users/berare/BL4S/TDAQ_stateofArt/1781472431.root,2026-06-14T23:27:11+02:00,2026-06-14T23:27:22+02:00,43467,ok,run is before first available TimePix measurement,,,,0,5582056.130,2026-08-18T14:01:38+02:00
1781473672,/Users/berare/BL4S/TDAQ_stateofArt/1781473672.root,2026-06-14T23:47:52+02:00,2026-06-14T23:48:05+02:00,36777,ok,run is before first available TimePix measurement,,,,0,5580812.853,2026-08-18T14:01:38+02:00
1781476064,/Users/berare/BL4S/TDAQ_stateofArt/1781476064.root,2026-06-15T00:27:44+02:00,2026-06-15T00:27:47+02:00,10004,ok,run is before first available TimePix measurement,,,,0,5578430.945,2026-08-18T14:01:38+02:00
1781476504,/Users/berare/BL4S/TDAQ_stateofArt/1781476504.root,2026-06-15T00:35:04+02:00,2026-06-15T00:35:09+02:00,14644,ok,run is before first available TimePix measurement,,,,0,5577989.304,2026-08-18T14:01:38+02:00
1781477107,/Users/berare/BL4S/TDAQ_stateofArt/1781477107.root,2026-06-15T00:45:07+02:00,2026-06-15T00:45:15+02:00,16242,ok,run is before first available TimePix measurement,,,,0,5577383.060,2026-08-18T14:01:38+02:00
1781478034,/Users/berare/BL4S/TDAQ_stateofArt/1781478034.root,2026-06-15T01:00:34+02:00,2026-06-15T02:12:18+02:00,25067,ok,run is before first available TimePix measurement,,,,0,5572160.426,2026-08-18T14:01:38+02:00
1781479535,/Users/berare/BL4S/TDAQ_stateofArt/1781479535.root,2026-06-15T01:25:35+02:00,2026-06-15T01:25:36+02:00,12462,ok,run is before first available TimePix measurement,,,,0,5574961.663,2026-08-18T14:01:38+02:00
1781479753,/Users/berare/BL4S/TDAQ_stateofArt/1781479753.root,2026-06-15T01:29:13+02:00,2026-06-15T01:29:16+02:00,20633,ok,run is before first available TimePix measurement,,,,0,5574742.385,2026-08-18T14:01:38+02:00
1781480140,/Users/berare/BL4S/TDAQ_stateofArt/1781480140.root,2026-06-15T01:35:40+02:00,2026-06-15T02:47:18+02:00,25625,ok,run is before first available TimePix measurement,,,,0,5570059.966,2026-08-18T14:01:38+02:00
1781480565,/Users/berare/BL4S/TDAQ_stateofArt/1781480565.root,2026-06-15T01:42:45+02:00,2026-06-15T01:42:49+02:00,20473,ok,run is before first available TimePix measurement,,,,0,5573929.457,2026-08-18T14:01:38+02:00
1781481425,/Users/berare/BL4S/TDAQ_stateofArt/1781481425.root,2026-06-15T01:57:05+02:00,2026-06-15T01:57:05+02:00,2897,ok,run is before first available TimePix measurement,,,,0,5573073.163,2026-08-18T14:01:38+02:00
1781481516,/Users/berare/BL4S/TDAQ_stateofArt/1781481516.root,2026-06-15T01:58:36+02:00,2026-06-15T03:10:12+02:00,10956,ok,run is before first available TimePix measurement,,,,0,5568686.086,2026-08-18T14:01:38+02:00
1781481724,/Users/berare/BL4S/TDAQ_stateofArt/1781481724.root,2026-06-15T02:02:04+02:00,2026-06-15T02:02:06+02:00,20467,ok,run is before first available TimePix measurement,,,,0,5572771.682,2026-08-18T14:01:38+02:00
1781482119,/Users/berare/BL4S/TDAQ_stateofArt/1781482119.root,2026-06-15T02:08:39+02:00,2026-06-15T02:08:42+02:00,17548,ok,run is before first available TimePix measurement,,,,0,5572376.308,2026-08-18T14:01:38+02:00
1781482526,/Users/berare/BL4S/TDAQ_stateofArt/1781482526.root,2026-06-15T02:15:26+02:00,2026-06-15T02:15:34+02:00,51206,ok,run is before first available TimePix measurement,,,,0,5571964.425,2026-08-18T14:01:38+02:00
1781518400,/Users/berare/BL4S/TDAQ_stateofArt/1781518400.root,2026-06-15T12:13:20+02:00,2026-06-15T13:25:37+02:00,147245,ok,run is before first available TimePix measurement,,,,0,5531761.406,2026-08-18T14:01:38+02:00
1781522719,/Users/berare/BL4S/TDAQ_stateofArt/1781522719.root,2026-06-15T13:25:19+02:00,2026-06-15T13:25:20+02:00,8611,ok,run is before first available TimePix measurement,,,,0,5531777.751,2026-08-18T14:01:38+02:00
1781522965,/Users/berare/BL4S/TDAQ_stateofArt/1781522965.root,2026-06-15T13:29:25+02:00,2026-06-15T13:29:26+02:00,6751,ok,run is before first available TimePix measurement,,,,0,5531532.263,2026-08-18T14:01:38+02:00
1781523200,/Users/berare/BL4S/TDAQ_stateofArt/1781523200.root,2026-06-15T13:33:20+02:00,2026-06-15T13:33:26+02:00,31383,ok,run is before first available TimePix measurement,,,,0,5531291.621,2026-08-18T14:01:38+02:00
1781524123,/Users/berare/BL4S/TDAQ_stateofArt/1781524123.root,2026-06-15T13:48:43+02:00,2026-06-15T13:48:45+02:00,16407,ok,run is before first available TimePix measurement,,,,0,5530373.273,2026-08-18T14:01:38+02:00
1781524429,/Users/berare/BL4S/TDAQ_stateofArt/1781524429.root,2026-06-15T13:53:49+02:00,2026-06-15T13:53:51+02:00,19936,ok,run is before first available TimePix measurement,,,,0,5530066.747,2026-08-18T14:01:38+02:00
1781524884,/Users/berare/BL4S/TDAQ_stateofArt/1781524884.root,2026-06-15T14:01:24+02:00,2026-06-15T15:13:01+02:00,16619,ok,run is before first available TimePix measurement,,,,0,5525317.236,2026-08-18T14:01:38+02:00
1781525253,/Users/berare/BL4S/TDAQ_stateofArt/1781525253.root,2026-06-15T14:07:33+02:00,2026-06-15T14:07:35+02:00,15842,ok,run is before first available TimePix measurement,,,,0,5529242.668,2026-08-18T14:01:38+02:00
1781526140,/Users/berare/BL4S/TDAQ_stateofArt/1781526140.root,2026-06-15T14:22:20+02:00,2026-06-15T14:22:23+02:00,5041,ok,run is before first available TimePix measurement,,,,0,5528355.490,2026-08-18T14:01:38+02:00
1781526539,/Users/berare/BL4S/TDAQ_stateofArt/1781526539.root,2026-06-15T14:28:59+02:00,2026-06-15T14:28:59+02:00,1454,ok,run is before first available TimePix measurement,,,,0,5527958.838,2026-08-18T14:01:38+02:00
1781526647,/Users/berare/BL4S/TDAQ_stateofArt/1781526647.root,2026-06-15T14:30:47+02:00,2026-06-15T14:30:58+02:00,33699,ok,run is before first available TimePix measurement,,,,0,5527839.859,2026-08-18T14:01:38+02:00
1781528050,/Users/berare/BL4S/TDAQ_stateofArt/1781528050.root,2026-06-15T14:54:10+02:00,2026-06-15T14:54:13+02:00,14170,ok,run is before first available TimePix measurement,,,,0,5526445.266,2026-08-18T14:01:38+02:00
1781528487,/Users/berare/BL4S/TDAQ_stateofArt/1781528487.root,2026-06-15T15:01:27+02:00,2026-06-15T15:01:31+02:00,20286,ok,run is before first available TimePix measurement,,,,0,5526007.182,2026-08-18T14:01:38+02:00
1781529232,/Users/berare/BL4S/TDAQ_stateofArt/1781529232.root,2026-06-15T15:13:52+02:00,2026-06-15T15:13:52+02:00,3948,ok,run is before first available TimePix measurement,,,,0,5525265.744,2026-08-18T14:01:38+02:00
1781529335,/Users/berare/BL4S/TDAQ_stateofArt/1781529335.root,2026-06-15T15:15:35+02:00,2026-06-15T15:15:36+02:00,5804,ok,run is before first available TimePix measurement,,,,0,5525162.043,2026-08-18T14:01:38+02:00
1781529497,/Users/berare/BL4S/TDAQ_stateofArt/1781529497.root,2026-06-15T15:18:17+02:00,2026-06-15T15:18:22+02:00,14293,ok,run is before first available TimePix measurement,,,,0,5524996.346,2026-08-18T14:01:38+02:00
1781530162,/Users/berare/BL4S/TDAQ_stateofArt/1781530162.root,2026-06-15T15:29:22+02:00,2026-06-15T15:29:30+02:00,18416,ok,run is before first available TimePix measurement,,,,0,5524327.625,2026-08-18T14:01:38+02:00
1781531244,/Users/berare/BL4S/TDAQ_stateofArt/1781531244.root,2026-06-15T15:47:24+02:00,2026-06-15T15:47:29+02:00,15083,ok,run is before first available TimePix measurement,,,,0,5523248.881,2026-08-18T14:01:38+02:00
1781531989,/Users/berare/BL4S/TDAQ_stateofArt/1781531989.root,2026-06-15T15:59:49+02:00,2026-06-15T15:59:52+02:00,15666,ok,run is before first available TimePix measurement,,,,0,5522506.575,2026-08-18T14:01:38+02:00
1781532345,/Users/berare/BL4S/TDAQ_stateofArt/1781532345.root,2026-06-15T16:05:45+02:00,2026-06-15T16:05:45+02:00,5676,ok,run is before first available TimePix measurement,,,,0,5522152.828,2026-08-18T14:01:38+02:00
1781532441,/Users/berare/BL4S/TDAQ_stateofArt/1781532441.root,2026-06-15T16:07:21+02:00,2026-06-15T16:07:23+02:00,21304,ok,run is before first available TimePix measurement,,,,0,5522054.742,2026-08-18T14:01:38+02:00
1781532795,/Users/berare/BL4S/TDAQ_stateofArt/1781532795.root,2026-06-15T16:13:15+02:00,2026-06-15T16:13:18+02:00,20108,ok,run is before first available TimePix measurement,,,,0,5521700.596,2026-08-18T14:01:38+02:00
1781533243,/Users/berare/BL4S/TDAQ_stateofArt/1781533243.root,2026-06-15T16:20:43+02:00,2026-06-15T16:20:44+02:00,9507,ok,run is before first available TimePix measurement,,,,0,5521254.158,2026-08-18T14:01:38+02:00
1781533426,/Users/berare/BL4S/TDAQ_stateofArt/1781533426.root,2026-06-15T16:23:46+02:00,2026-06-15T16:23:46+02:00,5754,ok,run is before first available TimePix measurement,,,,0,5521071.949,2026-08-18T14:01:38+02:00
1781533519,/Users/berare/BL4S/TDAQ_stateofArt/1781533519.root,2026-06-15T16:25:19+02:00,2026-06-15T16:25:19+02:00,2756,ok,run is before first available TimePix measurement,,,,0,5520979.338,2026-08-18T14:01:38+02:00
1781533611,/Users/berare/BL4S/TDAQ_stateofArt/1781533611.root,2026-06-15T16:26:51+02:00,2026-06-15T16:26:51+02:00,2901,ok,run is before first available TimePix measurement,,,,0,5520887.261,2026-08-18T14:01:38+02:00
1781533662,/Users/berare/BL4S/TDAQ_stateofArt/1781533662.root,2026-06-15T16:27:42+02:00,2026-06-15T16:27:42+02:00,2903,ok,run is before first available TimePix measurement,,,,0,5520836.190,2026-08-18T14:01:38+02:00
1781533725,/Users/berare/BL4S/TDAQ_stateofArt/1781533725.root,2026-06-15T16:28:45+02:00,2026-06-15T16:28:47+02:00,14409,ok,run is before first available TimePix measurement,,,,0,5520771.451,2026-08-18T14:01:38+02:00
1781534432,/Users/berare/BL4S/TDAQ_stateofArt/1781534432.root,2026-06-15T16:40:32+02:00,2026-06-15T16:40:36+02:00,29167,ok,run is before first available TimePix measurement,,,,0,5520062.356,2026-08-18T14:01:38+02:00
1781535038,/Users/berare/BL4S/TDAQ_stateofArt/1781535038.root,2026-06-15T16:50:38+02:00,2026-06-15T16:50:41+02:00,21268,ok,run is before first available TimePix measurement,,,,0,5519457.239,2026-08-18T14:01:38+02:00
1781535472,/Users/berare/BL4S/TDAQ_stateofArt/1781535472.root,2026-06-15T16:57:52+02:00,2026-06-15T16:57:56+02:00,23744,ok,run is before first available TimePix measurement,,,,0,5519021.903,2026-08-18T14:01:38+02:00
1781536316,/Users/berare/BL4S/TDAQ_stateofArt/1781536316.root,2026-06-15T17:11:56+02:00,2026-06-15T17:11:58+02:00,15623,ok,run is before first available TimePix measurement,,,,0,5518180.353,2026-08-18T14:01:38+02:00
1781536571,/Users/berare/BL4S/TDAQ_stateofArt/1781536571.root,2026-06-15T17:16:11+02:00,2026-06-15T17:16:11+02:00,1911,ok,run is before first available TimePix measurement,,,,0,5517927.325,2026-08-18T14:01:38+02:00
1781537628,/Users/berare/BL4S/TDAQ_stateofArt/1781537628.root,2026-06-15T17:33:48+02:00,2026-06-15T17:33:53+02:00,11658,ok,run is before first available TimePix measurement,,,,0,5516864.911,2026-08-18T14:01:38+02:00
1781538373,/Users/berare/BL4S/TDAQ_stateofArt/1781538373.root,2026-06-15T17:46:13+02:00,2026-06-15T17:46:13+02:00,4594,ok,run is before first available TimePix measurement,,,,0,5516125.074,2026-08-18T14:01:38+02:00
1781538472,/Users/berare/BL4S/TDAQ_stateofArt/1781538472.root,2026-06-15T17:47:52+02:00,2026-06-15T17:47:55+02:00,15703,ok,run is before first available TimePix measurement,,,,0,5516023.499,2026-08-18T14:01:38+02:00
1781538897,/Users/berare/BL4S/TDAQ_stateofArt/1781538897.root,2026-06-15T17:54:57+02:00,2026-06-15T17:55:00+02:00,16948,ok,run is before first available TimePix measurement,,,,0,5515597.997,2026-08-18T14:01:38+02:00
1781539375,/Users/berare/BL4S/TDAQ_stateofArt/1781539375.root,2026-06-15T18:02:55+02:00,2026-06-15T19:14:35+02:00,22199,ok,run is before first available TimePix measurement,,,,0,5510822.686,2026-08-18T14:01:38+02:00
1781540226,/Users/berare/BL4S/TDAQ_stateofArt/1781540226.root,2026-06-15T18:17:06+02:00,2026-06-15T19:28:41+02:00,5908,ok,run is before first available TimePix measurement,,,,0,5509976.626,2026-08-18T14:01:38+02:00
1781540343,/Users/berare/BL4S/TDAQ_stateofArt/1781540343.root,2026-06-15T18:19:03+02:00,2026-06-15T18:19:03+02:00,3921,ok,run is before first available TimePix measurement,,,,0,5514154.971,2026-08-18T14:01:38+02:00
1781540456,/Users/berare/BL4S/TDAQ_stateofArt/1781540456.root,2026-06-15T18:20:56+02:00,2026-06-15T18:20:57+02:00,10668,ok,run is before first available TimePix measurement,,,,0,5514040.945,2026-08-18T14:01:38+02:00
1781540655,/Users/berare/BL4S/TDAQ_stateofArt/1781540655.root,2026-06-15T18:24:15+02:00,2026-06-15T18:24:17+02:00,21625,ok,run is before first available TimePix measurement,,,,0,5513840.858,2026-08-18T14:01:38+02:00
1781541020,/Users/berare/BL4S/TDAQ_stateofArt/1781541020.root,2026-06-15T18:30:20+02:00,2026-06-15T18:30:22+02:00,17030,ok,run is before first available TimePix measurement,,,,0,5513475.625,2026-08-18T14:01:38+02:00
1781541412,/Users/berare/BL4S/TDAQ_stateofArt/1781541412.root,2026-06-15T18:36:52+02:00,2026-06-15T18:36:56+02:00,20009,ok,run is before first available TimePix measurement,,,,0,5513082.071,2026-08-18T14:01:38+02:00
1781542154,/Users/berare/BL4S/TDAQ_stateofArt/1781542154.root,2026-06-15T18:49:14+02:00,2026-06-15T18:49:14+02:00,4955,ok,run is before first available TimePix measurement,,,,0,5512343.886,2026-08-18T14:01:38+02:00
1781542269,/Users/berare/BL4S/TDAQ_stateofArt/1781542269.root,2026-06-15T18:51:09+02:00,2026-06-15T20:02:47+02:00,19853,ok,run is before first available TimePix measurement,,,,0,5507931.476,2026-08-18T14:01:38+02:00
1781542636,/Users/berare/BL4S/TDAQ_stateofArt/1781542636.root,2026-06-15T18:57:16+02:00,2026-06-15T18:57:20+02:00,30640,ok,run is before first available TimePix measurement,,,,0,5511857.634,2026-08-18T14:01:38+02:00
1781543196,/Users/berare/BL4S/TDAQ_stateofArt/1781543196.root,2026-06-15T19:06:36+02:00,2026-06-15T19:06:36+02:00,4989,ok,run is before first available TimePix measurement,,,,0,5511301.936,2026-08-18T14:01:38+02:00
1781543306,/Users/berare/BL4S/TDAQ_stateofArt/1781543306.root,2026-06-15T19:08:26+02:00,2026-06-15T19:08:28+02:00,14857,ok,run is before first available TimePix measurement,,,,0,5511190.159,2026-08-18T14:01:38+02:00
1781543588,/Users/berare/BL4S/TDAQ_stateofArt/1781543588.root,2026-06-15T19:13:08+02:00,2026-06-15T19:13:11+02:00,20852,ok,run is before first available TimePix measurement,,,,0,5510907.233,2026-08-18T14:01:38+02:00
1781544022,/Users/berare/BL4S/TDAQ_stateofArt/1781544022.root,2026-06-15T19:20:22+02:00,2026-06-15T19:20:30+02:00,48797,ok,run is before first available TimePix measurement,,,,0,5510467.930,2026-08-18T14:01:38+02:00
1781545085,/Users/berare/BL4S/TDAQ_stateofArt/1781545085.root,2026-06-15T19:38:05+02:00,2026-06-15T19:38:12+02:00,35207,ok,run is before first available TimePix measurement,,,,0,5509405.769,2026-08-18T14:01:38+02:00
1781547082,/Users/berare/BL4S/TDAQ_stateofArt/1781547082.root,2026-06-15T20:11:22+02:00,2026-06-15T20:11:23+02:00,11658,ok,run is before first available TimePix measurement,,,,0,5507414.625,2026-08-18T14:01:38+02:00
1781547327,/Users/berare/BL4S/TDAQ_stateofArt/1781547327.root,2026-06-15T20:15:27+02:00,2026-06-15T20:15:27+02:00,6861,ok,run is before first available TimePix measurement,,,,0,5507170.630,2026-08-18T14:01:38+02:00
1781547455,/Users/berare/BL4S/TDAQ_stateofArt/1781547455.root,2026-06-15T20:17:35+02:00,2026-06-15T20:17:40+02:00,30426,ok,run is before first available TimePix measurement,,,,0,5507038.590,2026-08-18T14:01:38+02:00
1781548046,/Users/berare/BL4S/TDAQ_stateofArt/1781548046.root,2026-06-15T20:27:26+02:00,2026-06-15T20:27:31+02:00,31422,ok,run is before first available TimePix measurement,,,,0,5506446.737,2026-08-18T14:01:38+02:00
1781548839,/Users/berare/BL4S/TDAQ_stateofArt/1781548839.root,2026-06-15T20:40:39+02:00,2026-06-15T20:40:44+02:00,8715,ok,run is before first available TimePix measurement,,,,0,5505654.481,2026-08-18T14:01:38+02:00
1781549508,/Users/berare/BL4S/TDAQ_stateofArt/1781549508.root,2026-06-15T20:51:48+02:00,2026-06-15T20:51:52+02:00,18271,ok,run is before first available TimePix measurement,,,,0,5504986.002,2026-08-18T14:01:38+02:00
1781550226,/Users/berare/BL4S/TDAQ_stateofArt/1781550226.root,2026-06-15T21:03:46+02:00,2026-06-15T21:03:46+02:00,3933,ok,run is before first available TimePix measurement,,,,0,5504272.123,2026-08-18T14:01:38+02:00
1781550283,/Users/berare/BL4S/TDAQ_stateofArt/1781550283.root,2026-06-15T21:04:43+02:00,2026-06-15T21:04:43+02:00,4844,ok,run is before first available TimePix measurement,,,,0,5504214.969,2026-08-18T14:01:38+02:00
1781550418,/Users/berare/BL4S/TDAQ_stateofArt/1781550418.root,2026-06-15T21:06:58+02:00,2026-06-15T21:06:59+02:00,15556,ok,run is before first available TimePix measurement,,,,0,5504078.712,2026-08-18T14:01:38+02:00
1781550705,/Users/berare/BL4S/TDAQ_stateofArt/1781550705.root,2026-06-15T21:11:45+02:00,2026-06-15T21:11:46+02:00,3871,ok,run is before first available TimePix measurement,,,,0,5503791.989,2026-08-18T14:01:38+02:00
1781550910,/Users/berare/BL4S/TDAQ_stateofArt/1781550910.root,2026-06-15T21:15:10+02:00,2026-06-15T21:15:11+02:00,2866,ok,run is before first available TimePix measurement,,,,0,5503587.255,2026-08-18T14:01:38+02:00
1781551079,/Users/berare/BL4S/TDAQ_stateofArt/1781551079.root,2026-06-15T21:17:59+02:00,2026-06-15T21:17:59+02:00,0,open_failed,run is before first available TimePix measurement,,,,0,5503419.606,2026-08-18T14:01:38+02:00
1781553790,/Users/berare/BL4S/TDAQ_stateofArt/1781553790.root,2026-06-15T22:03:10+02:00,2026-06-15T22:03:15+02:00,40155,ok,run is before first available TimePix measurement,,,,0,5500702.913,2026-08-18T14:01:38+02:00
1781554433,/Users/berare/BL4S/TDAQ_stateofArt/1781554433.root,2026-06-15T22:13:53+02:00,2026-06-15T22:13:55+02:00,15858,ok,run is before first available TimePix measurement,,,,0,5500063.345,2026-08-18T14:01:38+02:00
1781554784,/Users/berare/BL4S/TDAQ_stateofArt/1781554784.root,2026-06-15T22:19:44+02:00,2026-06-15T22:19:50+02:00,17747,ok,run is before first available TimePix measurement,,,,0,5499707.978,2026-08-18T14:01:38+02:00
1781555836,/Users/berare/BL4S/TDAQ_stateofArt/1781555836.root,2026-06-15T22:37:16+02:00,2026-06-15T22:37:16+02:00,5760,ok,run is before first available TimePix measurement,,,,0,5498661.846,2026-08-18T14:01:38+02:00
1781557615,/Users/berare/BL4S/TDAQ_stateofArt/1781557615.root,2026-06-15T23:06:55+02:00,2026-06-15T23:07:08+02:00,10554,ok,run is before first available TimePix measurement,,,,0,5496870.167,2026-08-18T14:01:38+02:00
1781561330,/Users/berare/BL4S/TDAQ_stateofArt/1781561330.root,2026-06-16T00:08:50+02:00,2026-06-16T00:08:54+02:00,26242,ok,run is before first available TimePix measurement,,,,0,5493163.843,2026-08-18T14:01:38+02:00
1781561931,/Users/berare/BL4S/TDAQ_stateofArt/1781561931.root,2026-06-16T00:18:51+02:00,2026-06-16T00:18:54+02:00,20193,ok,run is before first available TimePix measurement,,,,0,5492563.963,2026-08-18T14:01:38+02:00
1781562398,/Users/berare/BL4S/TDAQ_stateofArt/1781562398.root,2026-06-16T00:26:38+02:00,2026-06-16T01:38:18+02:00,22036,ok,run is before first available TimePix measurement,,,,0,5487800.476,2026-08-18T14:01:38+02:00
1781563181,/Users/berare/BL4S/TDAQ_stateofArt/1781563181.root,2026-06-16T00:39:41+02:00,2026-06-16T00:39:41+02:00,4787,ok,run is before first available TimePix measurement,,,,0,5491316.953,2026-08-18T14:01:38+02:00
1781563676,/Users/berare/BL4S/TDAQ_stateofArt/1781563676.root,2026-06-16T00:47:56+02:00,2026-06-16T00:48:01+02:00,24450,ok,run is before first available TimePix measurement,,,,0,5490816.905,2026-08-18T14:01:38+02:00
1781564318,/Users/berare/BL4S/TDAQ_stateofArt/1781564318.root,2026-06-16T00:58:38+02:00,2026-06-16T00:58:41+02:00,20817,ok,run is before first available TimePix measurement,,,,0,5490177.548,2026-08-18T14:01:38+02:00
1781564667,/Users/berare/BL4S/TDAQ_stateofArt/1781564667.root,2026-06-16T01:04:27+02:00,2026-06-16T01:04:40+02:00,40296,ok,run is before first available TimePix measurement,,,,0,5489817.763,2026-08-18T14:01:38+02:00
1781566618,/Users/berare/BL4S/TDAQ_stateofArt/1781566618.root,2026-06-16T01:36:58+02:00,2026-06-16T01:37:04+02:00,15844,ok,run is before first available TimePix measurement,,,,0,5487873.886,2026-08-18T14:01:38+02:00
1781567426,/Users/berare/BL4S/TDAQ_stateofArt/1781567426.root,2026-06-16T01:50:26+02:00,2026-06-16T01:50:30+02:00,15883,ok,run is before first available TimePix measurement,,,,0,5487068.032,2026-08-18T14:01:38+02:00
1781567963,/Users/berare/BL4S/TDAQ_stateofArt/1781567963.root,2026-06-16T01:59:23+02:00,2026-06-16T01:59:27+02:00,25864,ok,run is before first available TimePix measurement,,,,0,5486531.226,2026-08-18T14:01:38+02:00
1781568763,/Users/berare/BL4S/TDAQ_stateofArt/1781568763.root,2026-06-16T02:12:43+02:00,2026-06-16T02:12:48+02:00,21334,ok,run is before first available TimePix measurement,,,,0,5485730.589,2026-08-18T14:01:38+02:00
1781575162,/Users/berare/BL4S/TDAQ_stateofArt/1781575162.root,2026-06-16T03:59:22+02:00,2026-06-16T03:59:29+02:00,3555,ok,run is before first available TimePix measurement,,,,0,5479328.892,2026-08-18T14:01:38+02:00
1781576899,/Users/berare/BL4S/TDAQ_stateofArt/1781576899.root,2026-06-16T04:28:19+02:00,2026-06-16T05:44:26+02:00,568866,ok,run is before first available TimePix measurement,,,,0,5473031.706,2026-08-18T14:01:38+02:00
1781605415,/Users/berare/BL4S/TDAQ_stateofArt/1781605415.root,2026-06-16T12:23:35+02:00,2026-06-16T12:23:37+02:00,4645,ok,run is before first available TimePix measurement,,,,0,5449081.002,2026-08-18T14:01:38+02:00
1781605982,/Users/berare/BL4S/TDAQ_stateofArt/1781605982.root,2026-06-16T12:33:02+02:00,2026-06-16T12:33:05+02:00,6724,ok,run is before first available TimePix measurement,,,,0,5448512.759,2026-08-18T14:01:38+02:00
1781606539,/Users/berare/BL4S/TDAQ_stateofArt/1781606539.root,2026-06-16T12:42:19+02:00,2026-06-16T12:42:22+02:00,2922,ok,run is before first available TimePix measurement,,,,0,5447956.283,2026-08-18T14:01:38+02:00
1781607033,/Users/berare/BL4S/TDAQ_stateofArt/1781607033.root,2026-06-16T12:50:33+02:00,2026-06-16T12:51:05+02:00,44570,ok,run is before first available TimePix measurement,,,,0,5447433.274,2026-08-18T14:01:38+02:00
1781610762,/Users/berare/BL4S/TDAQ_stateofArt/1781610762.root,2026-06-16T13:52:42+02:00,2026-06-16T13:53:15+02:00,43069,ok,run is before first available TimePix measurement,,,,0,5443703.207,2026-08-18T14:01:38+02:00
1781618139,/Users/berare/BL4S/TDAQ_stateofArt/1781618139.root,2026-06-16T15:55:39+02:00,2026-06-16T15:55:39+02:00,0,empty_tree,run is before first available TimePix measurement,,,,0,5436359.606,2026-08-18T14:01:38+02:00
1781618363,/Users/berare/BL4S/TDAQ_stateofArt/1781618363.root,2026-06-16T15:59:23+02:00,2026-06-16T15:59:24+02:00,2238,ok,run is before first available TimePix measurement,,,,0,5436133.995,2026-08-18T14:01:38+02:00
1781618594,/Users/berare/BL4S/TDAQ_stateofArt/1781618594.root,2026-06-16T16:03:14+02:00,2026-06-16T16:03:14+02:00,1123,ok,run is before first available TimePix measurement,,,,0,5435903.968,2026-08-18T14:01:38+02:00
1781620506,/Users/berare/BL4S/TDAQ_stateofArt/1781620506.root,2026-06-16T16:35:06+02:00,2026-06-16T16:37:40+02:00,423626,ok,run is before first available TimePix measurement,,,,0,5433838.519,2026-08-18T14:01:38+02:00
1781637029,/Users/berare/BL4S/TDAQ_stateofArt/1781637029.root,2026-06-16T21:10:29+02:00,2026-06-16T21:11:16+02:00,70728,ok,run is before first available TimePix measurement,,,,0,5417421.916,2026-08-18T14:01:38+02:00
1781642408,/Users/berare/BL4S/TDAQ_stateofArt/1781642408.root,2026-06-16T22:40:08+02:00,2026-06-17T01:04:38+02:00,310924,ok,run is before first available TimePix measurement,,,,0,5403419.896,2026-08-18T14:01:38+02:00
1781651675,/Users/berare/BL4S/TDAQ_stateofArt/1781651675.root,2026-06-17T01:14:35+02:00,2026-06-17T01:14:54+02:00,31520,ok,run is before first available TimePix measurement,,,,0,5402804.395,2026-08-18T14:01:38+02:00
1781654847,/Users/berare/BL4S/TDAQ_stateofArt/1781654847.root,2026-06-17T02:07:27+02:00,2026-06-17T02:07:33+02:00,44850,ok,run is before first available TimePix measurement,,,,0,5399645.594,2026-08-18T14:01:38+02:00
1781659157,/Users/berare/BL4S/TDAQ_stateofArt/1781659157.root,2026-06-17T03:19:17+02:00,2026-06-17T03:19:20+02:00,23598,ok,run is before first available TimePix measurement,,,,0,5395337.908,2026-08-18T14:01:38+02:00
1781659739,/Users/berare/BL4S/TDAQ_stateofArt/1781659739.root,2026-06-17T03:28:59+02:00,2026-06-17T03:28:59+02:00,0,empty_tree,run is before first available TimePix measurement,,,,0,5394759.606,2026-08-18T14:01:38+02:00
1781661387,/Users/berare/BL4S/TDAQ_stateofArt/1781661387.root,2026-06-17T03:56:27+02:00,2026-06-17T03:59:14+02:00,469145,ok,run is before first available TimePix measurement,,,,0,5392944.216,2026-08-18T14:01:38+02:00
1786650362,/Users/berare/BL4S/TDAQ_stateofArt/1786650362.root,2026-08-13T21:46:02+02:00,2026-08-13T22:01:36+02:00,47341,ok,run is before first available TimePix measurement,,,,0,403201.846,2026-08-18T14:01:38+02:00
1786657998,/Users/berare/BL4S/TDAQ_stateofArt/1786657998.root,2026-08-13T23:53:18+02:00,2026-08-14T00:18:19+02:00,63343,ok,run is before first available TimePix measurement,,,,0,394999.376,2026-08-18T14:01:38+02:00
1786660465,/Users/berare/BL4S/TDAQ_stateofArt/1786660465.root,2026-08-14T00:34:25+02:00,2026-08-14T00:39:30+02:00,14674,ok,run is before first available TimePix measurement,,,,0,393728.374,2026-08-18T14:01:38+02:00
1786660965,/Users/berare/BL4S/TDAQ_stateofArt/1786660965.root,2026-08-14T00:42:45+02:00,2026-08-14T03:25:43+02:00,74323,ok,run is before first available TimePix measurement,,,,0,383755.556,2026-08-18T14:01:38+02:00
1786662364,/Users/berare/BL4S/TDAQ_stateofArt/1786662364.root,2026-08-14T01:06:04+02:00,2026-08-15T17:41:50+02:00,1866579,ok,run is before first available TimePix measurement,,,,0,245988.606,2026-08-18T14:01:38+02:00
1786706307,/Users/berare/BL4S/TDAQ_stateofArt/1786706307.root,2026-08-14T13:18:27+02:00,2026-08-14T14:39:43+02:00,16831,ok,run is before first available TimePix measurement,,,,0,343314.776,2026-08-18T14:01:38+02:00
1786708920,/Users/berare/BL4S/TDAQ_stateofArt/1786708920.root,2026-08-14T14:02:00+02:00,2026-08-14T14:33:09+02:00,55074,ok,run is before first available TimePix measurement,,,,0,343709.186,2026-08-18T14:01:38+02:00
1786711050,/Users/berare/BL4S/TDAQ_stateofArt/1786711050.root,2026-08-14T14:37:30+02:00,2026-08-14T15:51:44+02:00,5052,ok,run is before first available TimePix measurement,,,,0,338994.516,2026-08-18T14:01:38+02:00
1786711486,/Users/berare/BL4S/TDAQ_stateofArt/1786711486.root,2026-08-14T14:44:46+02:00,2026-08-14T14:48:09+02:00,6890,ok,run is before first available TimePix measurement,,,,0,342809.457,2026-08-18T14:01:38+02:00
1786711761,/Users/berare/BL4S/TDAQ_stateofArt/1786711761.root,2026-08-14T14:49:21+02:00,2026-08-14T17:31:42+02:00,51008,ok,run is before first available TimePix measurement,,,,0,332996.566,2026-08-18T14:01:38+02:00
1786713224,/Users/berare/BL4S/TDAQ_stateofArt/1786713224.root,2026-08-14T15:13:44+02:00,2026-08-14T16:43:13+02:00,51913,ok,run is before first available TimePix measurement,,,,0,335905.226,2026-08-18T14:01:38+02:00
1786714515,/Users/berare/BL4S/TDAQ_stateofArt/1786714515.root,2026-08-14T15:35:15+02:00,2026-08-14T17:08:14+02:00,54535,ok,run is before first available TimePix measurement,,,,0,334404.566,2026-08-18T14:01:38+02:00
1786715981,/Users/berare/BL4S/TDAQ_stateofArt/1786715981.root,2026-08-14T15:59:41+02:00,2026-08-14T16:12:05+02:00,23322,ok,run is before first available TimePix measurement,,,,0,337773.346,2026-08-18T14:01:38+02:00
1786718055,/Users/berare/BL4S/TDAQ_stateofArt/1786718055.root,2026-08-14T16:34:15+02:00,2026-08-14T17:01:32+02:00,1,ok,run is before first available TimePix measurement,,,,0,334805.676,2026-08-18T14:01:38+02:00
1786719788,/Users/berare/BL4S/TDAQ_stateofArt/1786719788.root,2026-08-14T17:03:08+02:00,2026-08-14T17:05:40+02:00,6710,ok,run is before first available TimePix measurement,,,,0,334558.371,2026-08-18T14:01:38+02:00
1786723178,/Users/berare/BL4S/TDAQ_stateofArt/1786723178.root,2026-08-14T17:59:38+02:00,2026-08-14T18:22:15+02:00,46714,ok,run is before first available TimePix measurement,,,,0,329963.336,2026-08-18T14:01:38+02:00
1786724681,/Users/berare/BL4S/TDAQ_stateofArt/1786724681.root,2026-08-14T18:24:41+02:00,2026-08-14T18:36:12+02:00,49674,ok,run is before first available TimePix measurement,,,,0,329125.794,2026-08-18T14:01:38+02:00
1786725412,/Users/berare/BL4S/TDAQ_stateofArt/1786725412.root,2026-08-14T18:36:52+02:00,2026-08-14T19:58:47+02:00,47546,ok,run is before first available TimePix measurement,,,,0,324171.386,2026-08-18T14:01:38+02:00
1786726168,/Users/berare/BL4S/TDAQ_stateofArt/1786726168.root,2026-08-14T18:49:28+02:00,2026-08-15T09:19:06+02:00,621391,ok,run is before first available TimePix measurement,,,,0,276152.606,2026-08-18T14:01:38+02:00
1786739830,/Users/berare/BL4S/TDAQ_stateofArt/1786739830.root,2026-08-14T22:37:10+02:00,2026-08-15T02:45:32+02:00,92689,ok,run is before first available TimePix measurement,,,,0,299766.006,2026-08-18T14:01:38+02:00
1786741940,/Users/berare/BL4S/TDAQ_stateofArt/1786741940.root,2026-08-14T23:12:20+02:00,2026-08-15T00:40:11+02:00,51918,ok,run is before first available TimePix measurement,,,,0,307286.866,2026-08-18T14:01:38+02:00
1786743090,/Users/berare/BL4S/TDAQ_stateofArt/1786743090.root,2026-08-14T23:31:30+02:00,2026-08-14T23:45:19+02:00,50587,ok,run is before first available TimePix measurement,,,,0,310579.247,2026-08-18T14:01:38+02:00
1786744038,/Users/berare/BL4S/TDAQ_stateofArt/1786744038.root,2026-08-14T23:47:18+02:00,2026-08-14T23:58:14+02:00,50373,ok,run is before first available TimePix measurement,,,,0,309803.956,2026-08-18T14:01:38+02:00
1786744833,/Users/berare/BL4S/TDAQ_stateofArt/1786744833.root,2026-08-15T00:00:33+02:00,2026-08-15T01:24:15+02:00,57401,ok,run is before first available TimePix measurement,,,,0,304642.676,2026-08-18T14:01:38+02:00
1786745756,/Users/berare/BL4S/TDAQ_stateofArt/1786745756.root,2026-08-15T00:15:56+02:00,2026-08-15T01:38:19+02:00,52065,ok,run is before first available TimePix measurement,,,,0,303798.906,2026-08-18T14:01:38+02:00
1786746501,/Users/berare/BL4S/TDAQ_stateofArt/1786746501.root,2026-08-15T00:28:21+02:00,2026-08-15T00:39:40+02:00,50280,ok,run is before first available TimePix measurement,,,,0,307318.114,2026-08-18T14:01:38+02:00
1786747305,/Users/berare/BL4S/TDAQ_stateofArt/1786747305.root,2026-08-15T00:41:45+02:00,2026-08-15T00:56:46+02:00,54196,ok,run is before first available TimePix measurement,,,,0,306291.982,2026-08-18T14:01:38+02:00
1786748346,/Users/berare/BL4S/TDAQ_stateofArt/1786748346.root,2026-08-15T00:59:06+02:00,2026-08-15T01:13:06+02:00,49937,ok,run is before first available TimePix measurement,,,,0,305312.250,2026-08-18T14:01:38+02:00
1786749753,/Users/berare/BL4S/TDAQ_stateofArt/1786749753.root,2026-08-15T01:22:33+02:00,2026-08-15T01:28:18+02:00,6960,ok,run is before first available TimePix measurement,,,,0,304400.076,2026-08-18T14:01:38+02:00
1786750147,/Users/berare/BL4S/TDAQ_stateofArt/1786750147.root,2026-08-15T01:29:07+02:00,2026-08-15T02:51:40+02:00,50381,ok,run is before first available TimePix measurement,,,,0,299398.106,2026-08-18T14:01:38+02:00
1786750887,/Users/berare/BL4S/TDAQ_stateofArt/1786750887.root,2026-08-15T01:41:27+02:00,2026-08-16T17:47:29+02:00,2095200,ok,run is before first available TimePix measurement,,,,0,159249.606,2026-08-18T14:01:38+02:00
1786779710,/Users/berare/BL4S/TDAQ_stateofArt/1786779710.root,2026-08-15T09:41:50+02:00,2026-08-15T11:05:42+02:00,57950,ok,run is before first available TimePix measurement,,,,0,269755.676,2026-08-18T14:01:38+02:00
1786780617,/Users/berare/BL4S/TDAQ_stateofArt/1786780617.root,2026-08-15T09:56:57+02:00,2026-08-15T10:08:56+02:00,54909,ok,run is before first available TimePix measurement,,,,0,273161.913,2026-08-18T14:01:38+02:00
1786781408,/Users/berare/BL4S/TDAQ_stateofArt/1786781408.root,2026-08-15T10:10:08+02:00,2026-08-15T10:25:40+02:00,55253,ok,run is before first available TimePix measurement,,,,0,272158.194,2026-08-18T14:01:38+02:00
1786782465,/Users/berare/BL4S/TDAQ_stateofArt/1786782465.root,2026-08-15T10:27:45+02:00,2026-08-15T10:42:00+02:00,50390,ok,run is before first available TimePix measurement,,,,0,271178.237,2026-08-18T14:01:38+02:00
1786787514,/Users/berare/BL4S/TDAQ_stateofArt/1786787514.root,2026-08-15T11:51:54+02:00,2026-08-15T12:06:00+02:00,52627,ok,run is before first available TimePix measurement,,,,0,266137.929,2026-08-18T14:01:38+02:00
1786788903,/Users/berare/BL4S/TDAQ_stateofArt/1786788903.root,2026-08-15T12:15:03+02:00,2026-08-15T13:46:51+02:00,75301,ok,run is before first available TimePix measurement,,,,0,260087.146,2026-08-18T14:01:38+02:00
1786790499,/Users/berare/BL4S/TDAQ_stateofArt/1786790499.root,2026-08-15T12:41:39+02:00,2026-08-15T13:03:26+02:00,68453,ok,run is before first available TimePix measurement,,,,0,262691.656,2026-08-18T14:01:38+02:00
1786791937,/Users/berare/BL4S/TDAQ_stateofArt/1786791937.root,2026-08-15T13:05:37+02:00,2026-08-15T15:49:39+02:00,56256,ok,run is before first available TimePix measurement,,,,0,252719.296,2026-08-18T14:01:38+02:00
1786793439,/Users/berare/BL4S/TDAQ_stateofArt/1786793439.root,2026-08-15T13:30:39+02:00,2026-08-15T13:49:38+02:00,51744,ok,run is before first available TimePix measurement,,,,0,259919.676,2026-08-18T14:01:38+02:00
1786794828,/Users/berare/BL4S/TDAQ_stateofArt/1786794828.root,2026-08-15T13:53:48+02:00,2026-08-15T14:12:26+02:00,53044,ok,run is before first available TimePix measurement,,,,0,258551.686,2026-08-18T14:01:38+02:00
1786796090,/Users/berare/BL4S/TDAQ_stateofArt/1786796090.root,2026-08-15T14:14:50+02:00,2026-08-15T15:40:21+02:00,51109,ok,run is before first available TimePix measurement,,,,0,253276.816,2026-08-18T14:01:38+02:00
1786797061,/Users/berare/BL4S/TDAQ_stateofArt/1786797061.root,2026-08-15T14:31:01+02:00,2026-08-15T14:44:44+02:00,52630,ok,run is before first available TimePix measurement,,,,0,256614.104,2026-08-18T14:01:38+02:00
1786798201,/Users/berare/BL4S/TDAQ_stateofArt/1786798201.root,2026-08-15T14:50:01+02:00,2026-08-15T15:02:58+02:00,51149,ok,run is before first available TimePix measurement,,,,0,255519.624,2026-08-18T14:01:38+02:00
1786799056,/Users/berare/BL4S/TDAQ_stateofArt/1786799056.root,2026-08-15T15:04:16+02:00,2026-08-15T17:41:21+02:00,50791,ok,run is before first available TimePix measurement,,,,0,246017.016,2026-08-18T14:01:38+02:00
1786800039,/Users/berare/BL4S/TDAQ_stateofArt/1786800039.root,2026-08-15T15:20:39+02:00,2026-08-15T18:01:29+02:00,50335,ok,run is before first available TimePix measurement,,,,0,244809.036,2026-08-18T14:01:38+02:00
1786801341,/Users/berare/BL4S/TDAQ_stateofArt/1786801341.root,2026-08-15T15:42:21+02:00,2026-08-15T17:13:04+02:00,54129,ok,run is before first available TimePix measurement,,,,0,247713.646,2026-08-18T14:01:38+02:00
1786802590,/Users/berare/BL4S/TDAQ_stateofArt/1786802590.root,2026-08-15T16:03:10+02:00,2026-08-15T16:17:05+02:00,50889,ok,run is before first available TimePix measurement,,,,0,251073.551,2026-08-18T14:01:38+02:00
1786803907,/Users/berare/BL4S/TDAQ_stateofArt/1786803907.root,2026-08-15T16:25:07+02:00,2026-08-15T16:38:44+02:00,50661,ok,run is before first available TimePix measurement,,,,0,249773.697,2026-08-18T14:01:38+02:00
1786805198,/Users/berare/BL4S/TDAQ_stateofArt/1786805198.root,2026-08-15T16:46:38+02:00,2026-08-15T17:00:24+02:00,52349,ok,run is before first available TimePix measurement,,,,0,248474.262,2026-08-18T14:01:38+02:00
1786806354,/Users/berare/BL4S/TDAQ_stateofArt/1786806354.root,2026-08-15T17:05:54+02:00,2026-08-15T18:34:37+02:00,51081,ok,run is before first available TimePix measurement,,,,0,242821.066,2026-08-18T14:01:38+02:00
1786807867,/Users/berare/BL4S/TDAQ_stateofArt/1786807867.root,2026-08-15T17:31:07+02:00,2026-08-15T17:52:01+02:00,58556,ok,run is before first available TimePix measurement,,,,0,245377.306,2026-08-18T14:01:38+02:00
1786812596,/Users/berare/BL4S/TDAQ_stateofArt/1786812596.root,2026-08-15T18:49:56+02:00,2026-08-15T20:58:28+02:00,120353,ok,run is before first available TimePix measurement,,,,0,234190.486,2026-08-18T14:01:38+02:00
1786816092,/Users/berare/BL4S/TDAQ_stateofArt/1786816092.root,2026-08-15T19:48:12+02:00,2026-08-15T19:48:19+02:00,1220,ok,run is before first available TimePix measurement,,,,0,238399.216,2026-08-18T14:01:38+02:00
1786816362,/Users/berare/BL4S/TDAQ_stateofArt/1786816362.root,2026-08-15T19:52:42+02:00,2026-08-15T22:06:37+02:00,136343,ok,run is before first available TimePix measurement,,,,0,230100.676,2026-08-18T14:01:38+02:00
1786820108,/Users/berare/BL4S/TDAQ_stateofArt/1786820108.root,2026-08-15T20:55:08+02:00,2026-08-15T23:25:14+02:00,31288,ok,run is before first available TimePix measurement,,,,0,225384.486,2026-08-18T14:01:38+02:00
1786820649,/Users/berare/BL4S/TDAQ_stateofArt/1786820649.root,2026-08-15T21:04:09+02:00,2026-08-15T23:34:32+02:00,36308,ok,run is before first available TimePix measurement,,,,0,224826.116,2026-08-18T14:01:38+02:00
1786821153,/Users/berare/BL4S/TDAQ_stateofArt/1786821153.root,2026-08-15T21:12:33+02:00,2026-08-15T22:31:24+02:00,38445,ok,run is before first available TimePix measurement,,,,0,228613.776,2026-08-18T14:01:38+02:00
1786821668,/Users/berare/BL4S/TDAQ_stateofArt/1786821668.root,2026-08-15T21:21:08+02:00,2026-08-15T21:26:04+02:00,24999,ok,run is before first available TimePix measurement,,,,0,232534.087,2026-08-18T14:01:38+02:00
1786822004,/Users/berare/BL4S/TDAQ_stateofArt/1786822004.root,2026-08-15T21:26:44+02:00,2026-08-16T03:13:10+02:00,267109,ok,run is before first available TimePix measurement,,,,0,211708.206,2026-08-18T14:01:38+02:00
1786826340,/Users/berare/BL4S/TDAQ_stateofArt/1786826340.root,2026-08-15T22:39:00+02:00,2026-08-15T22:40:40+02:00,101364,ok,run is before first available TimePix measurement,,,,0,228058.063,2026-08-18T14:01:38+02:00
1786826492,/Users/berare/BL4S/TDAQ_stateofArt/1786826492.root,2026-08-15T22:41:32+02:00,2026-08-15T22:43:14+02:00,103086,ok,run is before first available TimePix measurement,,,,0,227904.264,2026-08-18T14:01:38+02:00
1786826624,/Users/berare/BL4S/TDAQ_stateofArt/1786826624.root,2026-08-15T22:43:44+02:00,2026-08-15T22:45:24+02:00,101711,ok,run is before first available TimePix measurement,,,,0,227773.655,2026-08-18T14:01:38+02:00
1786826791,/Users/berare/BL4S/TDAQ_stateofArt/1786826791.root,2026-08-15T22:46:31+02:00,2026-08-15T23:59:02+02:00,127163,ok,run is before first available TimePix measurement,,,,0,223355.726,2026-08-18T14:01:38+02:00
1786826883,/Users/berare/BL4S/TDAQ_stateofArt/1786826883.root,2026-08-15T22:48:03+02:00,2026-08-15T22:48:10+02:00,15960,ok,run is before first available TimePix measurement,,,,0,227608.549,2026-08-18T14:01:38+02:00
1786828126,/Users/berare/BL4S/TDAQ_stateofArt/1786828126.root,2026-08-15T23:08:46+02:00,2026-08-16T00:22:25+02:00,124386,ok,run is before first available TimePix measurement,,,,0,221952.976,2026-08-18T14:01:38+02:00
1786828280,/Users/berare/BL4S/TDAQ_stateofArt/1786828280.root,2026-08-15T23:11:20+02:00,2026-08-15T23:13:02+02:00,102760,ok,run is before first available TimePix measurement,,,,0,226115.649,2026-08-18T14:01:38+02:00
1786828413,/Users/berare/BL4S/TDAQ_stateofArt/1786828413.root,2026-08-15T23:13:33+02:00,2026-08-16T02:50:18+02:00,120025,ok,run is before first available TimePix measurement,,,,0,213080.306,2026-08-18T14:01:38+02:00
1786828590,/Users/berare/BL4S/TDAQ_stateofArt/1786828590.root,2026-08-15T23:16:30+02:00,2026-08-16T00:29:58+02:00,112917,ok,run is before first available TimePix measurement,,,,0,221500.476,2026-08-18T14:01:38+02:00
1786828723,/Users/berare/BL4S/TDAQ_stateofArt/1786828723.root,2026-08-15T23:18:43+02:00,2026-08-16T01:43:42+02:00,109623,ok,run is before first available TimePix measurement,,,,0,217075.766,2026-08-18T14:01:38+02:00
1786828856,/Users/berare/BL4S/TDAQ_stateofArt/1786828856.root,2026-08-15T23:20:56+02:00,2026-08-15T23:22:42+02:00,106497,ok,run is before first available TimePix measurement,,,,0,225535.914,2026-08-18T14:01:38+02:00
1786828994,/Users/berare/BL4S/TDAQ_stateofArt/1786828994.root,2026-08-15T23:23:14+02:00,2026-08-15T23:24:55+02:00,101648,ok,run is before first available TimePix measurement,,,,0,225402.724,2026-08-18T14:01:38+02:00
1786829188,/Users/berare/BL4S/TDAQ_stateofArt/1786829188.root,2026-08-15T23:26:28+02:00,2026-08-16T00:39:44+02:00,101572,ok,run is before first available TimePix measurement,,,,0,220913.796,2026-08-18T14:01:38+02:00
1786829938,/Users/berare/BL4S/TDAQ_stateofArt/1786829938.root,2026-08-15T23:38:58+02:00,2026-08-15T23:40:04+02:00,5809,ok,run is before first available TimePix measurement,,,,0,224494.222,2026-08-18T14:01:38+02:00
1786830571,/Users/berare/BL4S/TDAQ_stateofArt/1786830571.root,2026-08-15T23:49:31+02:00,2026-08-16T00:10:05+02:00,32773,ok,run is before first available TimePix measurement,,,,0,222692.946,2026-08-18T14:01:38+02:00
1786831818,/Users/berare/BL4S/TDAQ_stateofArt/1786831818.root,2026-08-16T00:10:18+02:00,2026-08-16T00:11:36+02:00,5703,ok,run is before first available TimePix measurement,,,,0,222601.730,2026-08-18T14:01:38+02:00
1786832059,/Users/berare/BL4S/TDAQ_stateofArt/1786832059.root,2026-08-16T00:14:19+02:00,2026-08-16T00:16:55+02:00,9513,ok,run is before first available TimePix measurement,,,,0,222282.664,2026-08-18T14:01:38+02:00
1786832347,/Users/berare/BL4S/TDAQ_stateofArt/1786832347.root,2026-08-16T00:19:07+02:00,2026-08-16T01:39:53+02:00,35438,ok,run is before first available TimePix measurement,,,,0,217305.516,2026-08-18T14:01:38+02:00
1786833136,/Users/berare/BL4S/TDAQ_stateofArt/1786833136.root,2026-08-16T00:32:16+02:00,2026-08-16T01:59:15+02:00,58114,ok,run is before first available TimePix measurement,,,,0,216142.746,2026-08-18T14:01:38+02:00
1786834513,/Users/berare/BL4S/TDAQ_stateofArt/1786834513.root,2026-08-16T00:55:13+02:00,2026-08-16T02:14:51+02:00,30588,ok,run is before first available TimePix measurement,,,,0,215207.296,2026-08-18T14:01:38+02:00
1786835122,/Users/berare/BL4S/TDAQ_stateofArt/1786835122.root,2026-08-16T01:05:22+02:00,2026-08-16T01:22:16+02:00,48433,ok,run is before first available TimePix measurement,,,,0,218362.426,2026-08-18T14:01:38+02:00
1786836376,/Users/berare/BL4S/TDAQ_stateofArt/1786836376.root,2026-08-16T01:26:16+02:00,2026-08-16T01:41:15+02:00,41229,ok,run is before first available TimePix measurement,,,,0,217222.647,2026-08-18T14:01:38+02:00
1786837396,/Users/berare/BL4S/TDAQ_stateofArt/1786837396.root,2026-08-16T01:43:16+02:00,2026-08-16T03:08:25+02:00,49667,ok,run is before first available TimePix measurement,,,,0,211992.956,2026-08-18T14:01:38+02:00
1786838309,/Users/berare/BL4S/TDAQ_stateofArt/1786838309.root,2026-08-16T01:58:29+02:00,2026-08-16T02:13:33+02:00,56611,ok,run is before first available TimePix measurement,,,,0,215284.771,2026-08-18T14:01:38+02:00
1786839384,/Users/berare/BL4S/TDAQ_stateofArt/1786839384.root,2026-08-16T02:16:24+02:00,2026-08-16T02:29:54+02:00,50965,ok,run is before first available TimePix measurement,,,,0,214303.790,2026-08-18T14:01:38+02:00
1786840283,/Users/berare/BL4S/TDAQ_stateofArt/1786840283.root,2026-08-16T02:31:23+02:00,2026-08-17T11:27:18+02:00,1821424,ok,run is before first available TimePix measurement,,,,0,95660.606,2026-08-18T14:01:38+02:00
1786864539,/Users/berare/BL4S/TDAQ_stateofArt/1786864539.root,2026-08-16T09:15:39+02:00,2026-08-16T09:28:36+02:00,50107,ok,run is before first available TimePix measurement,,,,0,189181.907,2026-08-18T14:01:38+02:00
1786865850,/Users/berare/BL4S/TDAQ_stateofArt/1786865850.root,2026-08-16T09:37:30+02:00,2026-08-16T11:04:18+02:00,59330,ok,run is before first available TimePix measurement,,,,0,183440.356,2026-08-18T14:01:38+02:00
1786866814,/Users/berare/BL4S/TDAQ_stateofArt/1786866814.root,2026-08-16T09:53:34+02:00,2026-08-16T09:54:05+02:00,3195,ok,run is before first available TimePix measurement,,,,0,187653.290,2026-08-18T14:01:38+02:00
1786866862,/Users/berare/BL4S/TDAQ_stateofArt/1786866862.root,2026-08-16T09:54:22+02:00,2026-08-16T10:05:31+02:00,55630,ok,run is before first available TimePix measurement,,,,0,186966.655,2026-08-18T14:01:38+02:00
1786867665,/Users/berare/BL4S/TDAQ_stateofArt/1786867665.root,2026-08-16T10:07:45+02:00,2026-08-16T10:18:00+02:00,52678,ok,run is before first available TimePix measurement,,,,0,186217.804,2026-08-18T14:01:38+02:00
1786868768,/Users/berare/BL4S/TDAQ_stateofArt/1786868768.root,2026-08-16T10:26:08+02:00,2026-08-16T10:26:21+02:00,1769,ok,run is before first available TimePix measurement,,,,0,185717.238,2026-08-18T14:01:38+02:00
1786868952,/Users/berare/BL4S/TDAQ_stateofArt/1786868952.root,2026-08-16T10:29:12+02:00,2026-08-16T10:39:19+02:00,51297,ok,run is before first available TimePix measurement,,,,0,184939.202,2026-08-18T14:01:38+02:00
1786869626,/Users/berare/BL4S/TDAQ_stateofArt/1786869626.root,2026-08-16T10:40:26+02:00,2026-08-16T10:50:57+02:00,53113,ok,run is before first available TimePix measurement,,,,0,184240.954,2026-08-18T14:01:38+02:00
1786870373,/Users/berare/BL4S/TDAQ_stateofArt/1786870373.root,2026-08-16T10:52:53+02:00,2026-08-16T11:13:10+02:00,50544,ok,run is before first available TimePix measurement,,,,0,182908.276,2026-08-18T14:01:38+02:00
1786872460,/Users/berare/BL4S/TDAQ_stateofArt/1786872460.root,2026-08-16T11:27:40+02:00,2026-08-16T11:38:38+02:00,34870,ok,run is before first available TimePix measurement,,,,0,181379.852,2026-08-18T14:01:38+02:00
1786873403,/Users/berare/BL4S/TDAQ_stateofArt/1786873403.root,2026-08-16T11:43:23+02:00,2026-08-16T13:06:20+02:00,35083,ok,run is before first available TimePix measurement,,,,0,176117.636,2026-08-18T14:01:38+02:00
1786874231,/Users/berare/BL4S/TDAQ_stateofArt/1786874231.root,2026-08-16T11:57:11+02:00,2026-08-16T13:40:40+02:00,143574,ok,run is before first available TimePix measurement,,,,0,174058.606,2026-08-18T14:01:38+02:00
1786876505,/Users/berare/BL4S/TDAQ_stateofArt/1786876505.root,2026-08-16T12:35:05+02:00,2026-08-16T12:42:31+02:00,35288,ok,run is before first available TimePix measurement,,,,0,177547.151,2026-08-18T14:01:38+02:00
1786877233,/Users/berare/BL4S/TDAQ_stateofArt/1786877233.root,2026-08-16T12:47:13+02:00,2026-08-16T14:13:35+02:00,52982,ok,run is before first available TimePix measurement,,,,0,172083.296,2026-08-18T14:01:38+02:00
1786882172,/Users/berare/BL4S/TDAQ_stateofArt/1786882172.root,2026-08-16T14:09:32+02:00,2026-08-16T14:17:34+02:00,36781,ok,run is before first available TimePix measurement,,,,0,171844.452,2026-08-18T14:01:38+02:00
1786883073,/Users/berare/BL4S/TDAQ_stateofArt/1786883073.root,2026-08-16T14:24:33+02:00,2026-08-16T14:31:58+02:00,35327,ok,run is before first available TimePix measurement,,,,0,170980.216,2026-08-18T14:01:38+02:00
1786883648,/Users/berare/BL4S/TDAQ_stateofArt/1786883648.root,2026-08-16T14:34:08+02:00,2026-08-16T15:54:06+02:00,38658,ok,run is before first available TimePix measurement,,,,0,166051.936,2026-08-18T14:01:38+02:00
1786884479,/Users/berare/BL4S/TDAQ_stateofArt/1786884479.root,2026-08-16T14:47:59+02:00,2026-08-16T14:54:42+02:00,31766,ok,run is before first available TimePix measurement,,,,0,169616.234,2026-08-18T14:01:38+02:00
1786885113,/Users/berare/BL4S/TDAQ_stateofArt/1786885113.root,2026-08-16T14:58:33+02:00,2026-08-16T15:04:53+02:00,30476,ok,run is before first available TimePix measurement,,,,0,169005.037,2026-08-18T14:01:38+02:00
1786887458,/Users/berare/BL4S/TDAQ_stateofArt/1786887458.root,2026-08-16T15:37:38+02:00,2026-08-16T15:45:12+02:00,35072,ok,run is before first available TimePix measurement,,,,0,166586.247,2026-08-18T14:01:38+02:00
1786890116,/Users/berare/BL4S/TDAQ_stateofArt/1786890116.root,2026-08-16T16:21:56+02:00,2026-08-16T16:31:00+02:00,32212,ok,run is before first available TimePix measurement,,,,0,163838.148,2026-08-18T14:01:38+02:00
1786891010,/Users/berare/BL4S/TDAQ_stateofArt/1786891010.root,2026-08-16T16:36:50+02:00,2026-08-16T16:46:39+02:00,33970,ok,run is before first available TimePix measurement,,,,0,162899.485,2026-08-18T14:01:38+02:00
1786891837,/Users/berare/BL4S/TDAQ_stateofArt/1786891837.root,2026-08-16T16:50:37+02:00,2026-08-16T18:14:49+02:00,45998,ok,run is before first available TimePix measurement,,,,0,157608.796,2026-08-18T14:01:38+02:00
1786892766,/Users/berare/BL4S/TDAQ_stateofArt/1786892766.root,2026-08-16T17:06:06+02:00,2026-08-16T17:13:53+02:00,33117,ok,run is before first available TimePix measurement,,,,0,161265.458,2026-08-18T14:01:38+02:00
1786893316,/Users/berare/BL4S/TDAQ_stateofArt/1786893316.root,2026-08-16T17:15:16+02:00,2026-08-16T17:22:26+02:00,30446,ok,run is before first available TimePix measurement,,,,0,160752.117,2026-08-18T14:01:38+02:00
1786894793,/Users/berare/BL4S/TDAQ_stateofArt/1786894793.root,2026-08-16T17:39:53+02:00,2026-08-16T17:51:49+02:00,49257,ok,run is before first available TimePix measurement,,,,0,158989.522,2026-08-18T14:01:38+02:00
1786895892,/Users/berare/BL4S/TDAQ_stateofArt/1786895892.root,2026-08-16T17:58:12+02:00,2026-08-16T22:06:28+02:00,367090,ok,run is before first available TimePix measurement,,,,0,143710.206,2026-08-18T14:01:38+02:00
1786903064,/Users/berare/BL4S/TDAQ_stateofArt/1786903064.root,2026-08-16T19:57:44+02:00,2026-08-16T21:20:49+02:00,36740,ok,run is before first available TimePix measurement,,,,0,146449.586,2026-08-18T14:01:38+02:00
1786903854,/Users/berare/BL4S/TDAQ_stateofArt/1786903854.root,2026-08-16T20:10:54+02:00,2026-08-16T20:27:28+02:00,57072,ok,run is before first available TimePix measurement,,,,0,149650.534,2026-08-18T14:01:38+02:00
1786905364,/Users/berare/BL4S/TDAQ_stateofArt/1786905364.root,2026-08-16T20:36:04+02:00,2026-08-16T20:43:12+02:00,14669,ok,run is before first available TimePix measurement,,,,0,148705.977,2026-08-18T14:01:38+02:00
1786906157,/Users/berare/BL4S/TDAQ_stateofArt/1786906157.root,2026-08-16T20:49:17+02:00,2026-08-16T23:19:26+02:00,52821,ok,run is before first available TimePix measurement,,,,0,139332.536,2026-08-18T14:01:38+02:00
1786906692,/Users/berare/BL4S/TDAQ_stateofArt/1786906692.root,2026-08-16T20:58:12+02:00,2026-08-16T21:02:59+02:00,37615,ok,run is before first available TimePix measurement,,,,0,147519.388,2026-08-18T14:01:38+02:00
1786907349,/Users/berare/BL4S/TDAQ_stateofArt/1786907349.root,2026-08-16T21:09:09+02:00,2026-08-16T21:11:20+02:00,592,ok,run is before first available TimePix measurement,,,,0,147017.877,2026-08-18T14:01:38+02:00
1786907647,/Users/berare/BL4S/TDAQ_stateofArt/1786907647.root,2026-08-16T21:14:07+02:00,2026-08-16T22:34:43+02:00,70097,ok,run is before first available TimePix measurement,,,,0,142015.226,2026-08-18T14:01:38+02:00
1786908302,/Users/berare/BL4S/TDAQ_stateofArt/1786908302.root,2026-08-16T21:25:02+02:00,2026-08-16T23:57:33+02:00,72676,ok,run is before first available TimePix measurement,,,,0,137045.406,2026-08-18T14:01:38+02:00
1786914869,/Users/berare/BL4S/TDAQ_stateofArt/1786914869.root,2026-08-16T23:14:29+02:00,2026-08-18T06:24:30+02:00,2011309,ok,run is before first available TimePix measurement,,,,0,27428.606,2026-08-18T14:01:38+02:00
1786960293,/Users/berare/BL4S/TDAQ_stateofArt/1786960293.root,2026-08-17T11:51:33+02:00,2026-08-17T13:17:38+02:00,47087,ok,run is before first available TimePix measurement,,,,0,89039.896,2026-08-18T14:01:38+02:00
1786961253,/Users/berare/BL4S/TDAQ_stateofArt/1786961253.root,2026-08-17T12:07:33+02:00,2026-08-17T18:55:20+02:00,204653,ok,run is before first available TimePix measurement,,,,0,68778.006,2026-08-18T14:01:38+02:00
1786964403,/Users/berare/BL4S/TDAQ_stateofArt/1786964403.root,2026-08-17T13:00:03+02:00,2026-08-17T13:38:03+02:00,111836,ok,run is before first available TimePix measurement,,,,0,87815.036,2026-08-18T14:01:38+02:00
1786984450,/Users/berare/BL4S/TDAQ_stateofArt/1786984450.root,2026-08-17T18:34:10+02:00,2026-08-17T18:34:10+02:00,0,empty_tree,run is before first available TimePix measurement,,,,0,70048.606,2026-08-18T14:01:38+02:00
1786984559,/Users/berare/BL4S/TDAQ_stateofArt/1786984559.root,2026-08-17T18:35:59+02:00,2026-08-17T22:44:54+02:00,311189,ok,run is before first available TimePix measurement,,,,0,55004.006,2026-08-18T14:01:38+02:00
1787004129,/Users/berare/BL4S/TDAQ_stateofArt/1787004129.root,2026-08-18T00:02:09+02:00,2026-08-19T02:44:49+02:00,1539159,ok,run is before first available TimePix measurement,,,,221,57.065,2026-08-19T02:45:46+02:00
1787045879,/Users/berare/BL4S/TDAQ_stateofArt/1787045879.root,2026-08-18T11:37:59+02:00,2026-08-18T13:08:40+02:00,50507,ok,run is before first available TimePix measurement,,,,0,3177.636,2026-08-18T14:01:38+02:00
1787088489,/Users/berare/BL4S/TDAQ_stateofArt/1787088489.root,2026-08-18T23:28:09+02:00,2026-08-18T23:28:54+02:00,1203,ok,TimePix gap: run is between TimePix acquisitions,23,6165.040,2026-08-18T21:45:23+02:00,24,5.312,2026-08-18T23:28:59+02:00
1787131445,/Users/berare/BL4S/TDAQ_stateofArt/1787131445.root,2026-08-19T11:24:05+02:00,2026-08-19T11:24:05+02:00,0,empty_tree,TimePix gap: run is between TimePix acquisitions,629,6123.700,2026-08-19T09:42:01+02:00,630,456.776,2026-08-19T11:31:41+02:00
1787131594,/Users/berare/BL4S/TDAQ_stateofArt/1787131594.root,2026-08-19T11:26:34+02:00,2026-08-19T11:26:34+02:00,0,empty_tree,TimePix gap: run is between TimePix acquisitions,629,6272.700,2026-08-19T09:42:01+02:00,630,307.776,2026-08-19T11:31:41+02:00
1787140923,/Users/berare/BL4S/TDAQ_stateofArt/1787140923.root,2026-08-19T14:02:03+02:00,2026-08-19T14:06:17+02:00,14021,ok,TimePix gap: run is between TimePix acquisitions,748,1951.949,2026-08-19T13:29:31+02:00,749,335.857,2026-08-19T14:11:53+02:00
1787143118,/Users/berare/BL4S/TDAQ_stateofArt/1787143118.root,2026-08-19T14:38:38+02:00,2026-08-19T14:38:38+02:00,0,empty_tree,TimePix gap: run is between TimePix acquisitions,756,4.899,2026-08-19T14:38:33+02:00,757,55.763,2026-08-19T14:39:33+02:00
1787222700,/Users/berare/BL4S/TDAQ_stateofArt/1787222700.root,2026-08-20T12:45:00+02:00,2026-08-20T23:01:08+02:00,626530,ok,TimePix gap: run is between TimePix acquisitions,1313,44130.191,2026-08-20T00:29:29+02:00,1414,9520.683,2026-08-21T01:39:48+02:00
1787260664,/Users/berare/BL4S/TDAQ_stateofArt/1787260664.root,2026-08-20T23:17:44+02:00,2026-08-20T23:22:01+02:00,18870,ok,TimePix gap: run is between TimePix acquisitions,1413,4443.338,2026-08-20T22:03:40+02:00,1414,8267.317,2026-08-21T01:39:48+02:00
1787261776,/Users/berare/BL4S/TDAQ_stateofArt/1787261776.root,2026-08-20T23:36:16+02:00,2026-08-20T23:57:36+02:00,89929,ok,TimePix gap: run is between TimePix acquisitions,1413,5555.338,2026-08-20T22:03:40+02:00,1414,6132.263,2026-08-21T01:39:48+02:00
1787263128,/Users/berare/BL4S/TDAQ_stateofArt/1787263128.root,2026-08-20T23:58:48+02:00,2026-08-20T23:59:51+02:00,5586,ok,TimePix gap: run is between TimePix acquisitions,1413,6907.338,2026-08-20T22:03:40+02:00,1414,5996.897,2026-08-21T01:39:48+02:00
1787263563,/Users/berare/BL4S/TDAQ_stateofArt/1787263563.root,2026-08-21T00:06:03+02:00,2026-08-21T00:09:22+02:00,15038,ok,TimePix gap: run is between TimePix acquisitions,1413,7342.338,2026-08-20T22:03:40+02:00,1414,5426.276,2026-08-21T01:39:48+02:00
1787264255,/Users/berare/BL4S/TDAQ_stateofArt/1787264255.root,2026-08-21T00:17:35+02:00,2026-08-21T00:28:58+02:00,47991,ok,TimePix gap: run is between TimePix acquisitions,1413,8034.338,2026-08-20T22:03:40+02:00,1414,4250.107,2026-08-21T01:39:48+02:00
1787265010,/Users/berare/BL4S/TDAQ_stateofArt/1787265010.root,2026-08-21T00:30:10+02:00,2026-08-21T01:52:19+02:00,45387,ok,TimePix gap: run is between TimePix acquisitions,1413,8789.338,2026-08-20T22:03:40+02:00,1428,50.609,2026-08-21T01:53:09+02:00
1787443166,/Users/berare/BL4S/TDAQ_stateofArt/1787443166.root,2026-08-23T01:59:26+02:00,2026-08-23T02:07:32+02:00,1378,ok,TimePix gap: run is between TimePix acquisitions,3678,233.842,2026-08-23T01:55:32+02:00,3679,5.203,2026-08-23T02:07:37+02:00
